genes,confidence
A1BG,1.6225721
A2M-AS1,1.9939183
AAK1,0.9653025
AATBC,0.56083584
ABCA1,1.4186387
ABCB4,1.0419337
ABCF1,1.0901147
ABCG1,0.8199954
ABHD14B,1.2255766
ABHD17A,1.1031817
ABHD2,0.6338324
ABI3,0.59502304
ABLIM2,0.46722665
ABLIM3,0.67848676
ABO,1.4131117
ABRACL,1.4626429
AC000036.4,0.85583615
AC002331.1,0.8862478
AC002398.13,1.1843836
AC002467.7,1.6194947
AC004702.2,0.9039726
AC004791.2,1.0187062
AC005224.2,0.8447408
AC005253.4,1.4401238
AC005498.3,1.4037254
AC005546.2,1.1692446
AC005754.8,1.1033825
AC006129.2,0.65770245
AC006369.2,1.5165063
AC006547.8,1.0459157
AC008088.4,1.033331
AC009005.2,0.9925225
AC009022.1,0.7969313
AC009501.4,1.3564982
AC010746.3,1.2331096
AC011899.9,0.9686232
AC013264.2,1.0290606
AC013461.1,1.1836039
AC020594.5,1.0700521
AC061992.2,1.1940274
AC068499.10,0.81926525
AC074289.1,1.551323
AC079767.4,0.53136516
AC084809.2,1.2317601
AC090498.1,1.3055975
AC092580.4,1.0567619
AC093627.9,1.3219069
AC096558.1,0.5202545
AC096649.2,1.1026746
AC097721.2,1.2729815
AC100821.2,0.48991552
AC104699.1,1.0332271
AC104820.2,1.6813365
AC109333.10,1.0303718
AC116366.6,0.72373015
AC137932.6,1.2629629
AC139100.3,0.89088684
AC144652.1,0.8152981
AC159540.1,0.8865806
ACAA1,1.6422417
ACAA2,0.5972685
ACADVL,0.99575156
ACAP1,1.1959399
ACAP2,0.8218949
ACHE,0.94380647
ACKR3,0.7572319
ACO2,0.6298558
ACOT7,1.1284841
ACP1,0.6381512
ACP5,0.9604454
ACRBP,1.0576118
ACSL1,0.24477038
ACSL4,1.3811295
ACTB,0.94575596
ACTG1,0.9460582
ACTN1,1.2635597
ACTN4,1.4213631
ACTR2,0.76955295
ACTR3,0.8677312
ACVRL1,0.7837559
ACY3,1.1936888
ADA,0.9106979
ADAM10,1.2402445
ADAM15,1.1707909
ADAM17,1.2275542
ADAM19,1.2335241
ADAM28,1.3087099
ADAM8,0.95586956
ADAMTSL4,1.6252561
ADAP1,1.4873346
ADAP2,1.0200623
ADAR,0.76393133
ADCY7,1.1681079
ADD1,0.9735207
ADD3,0.99405336
ADGRB1,1.6443309
ADGRB3,1.1547681
ADGRE1,0.93763125
ADGRE2,0.9537837
ADGRE5,1.5868827
ADGRG1,1.6909761
ADGRG6,0.74521214
ADH5,1.063975
ADI1,0.8271451
ADIPOR1,0.74010223
ADK,0.757688
ADM,1.4502572
ADPGK,1.7737138
ADRA2A,0.6769791
ADRB2,1.1280922
ADRBK1,1.2662529
ADRBK2,0.58306795
ADRM1,1.0533332
ADTRP,1.2061023
AEBP1,0.92661536
AES,1.019742
AF038458.5,1.049248
AF127936.7,1.3431692
AF131216.1,0.64092773
AF213884.2,1.4955442
AFF3,0.7738475
AFF4,0.6485783
AGFG1,0.9428088
AGO1,0.28369918
AGO4,1.1671478
AGPAT2,2.0900054
AGPAT3,0.72120637
AGTRAP,1.471582
AHCTF1,1.1899052
AHCY,0.46433425
AHCYL1,1.0939108
AHNAK,0.6310803
AHR,1.1302778
AHRR,1.6933278
AHSA1,0.842991
AIF1,1.0809507
AIFM1,0.73792946
AIFM2,0.48243833
AIFM3,0.5140224
AIG1,0.61507636
AIM1,1.037347
AIM2,1.006458
AIMP1,0.7019716
AIP,0.45946333
AIRE,1.1759081
AJ006998.2,1.3871468
AK2,1.0265576
AK8,0.5126531
AKAP12,1.126333
AKAP13,0.6840135
AKAP9,1.148467
AKIRIN1,0.58496875
AKIRIN2,1.1021112
AKNA,1.1695921
AKR1A1,0.8322151
AKT1,1.5844821
AL450992.2,0.70468163
AL928768.3,1.3444809
ALDH16A1,1.0858063
ALDH1A1,1.5315521
ALDH1L1,1.2510787
ALDH2,0.95570344
ALDOA,0.7262471
ALKBH7,0.8199085
ALOX12,0.53398794
ALOX5,0.8747304
ALOX5AP,0.8993098
ALYREF,0.74488217
AMD1,1.3536884
AMOT,0.8920791
AMPD2,0.6125308
AMY2B,1.0264771
ANAPC11,0.99585444
ANAPC15,1.9551425
ANAPC16,0.8442211
ANAPC5,1.1558634
ANK1,1.7245643
ANK3,0.5734475
ANKDD1A,1.0182799
ANKRD11,0.9176286
ANKRD12,1.5394319
ANKRD13A,0.724626
ANKRD13D,0.46695244
ANKRD17,0.7511533
ANKRD18A,0.99318045
ANKRD24,1.0440179
ANKRD26,1.5810643
ANKRD28,0.63099474
ANKRD44,0.6184171
ANKRD55,0.07830004
ANKRD65,0.798307
ANKRD9,1.5298074
ANP32A,1.4805677
ANP32B,0.8029442
ANP32E,0.6251266
ANPEP,0.71615714
ANXA1,1.0174564
ANXA11,1.5217159
ANXA2,1.1441371
ANXA4,1.5164043
ANXA5,1.0672784
ANXA6,0.7509318
ANXA7,1.1449778
AOAH,1.2319797
AOC3,0.4422691
AP001171.1,1.1429223
AP001189.4,0.87375385
AP001258.4,0.89781225
AP001347.6,0.7543823
AP001505.10,0.8249909
AP001630.5,0.9775323
AP003068.23,1.4869124
AP003774.4,1.6382021
AP1S2,0.5517645
AP2A1,0.67494273
AP2M1,1.0425186
AP2S1,1.0867184
AP3M2,1.0508561
AP5B1,1.2595882
APBA2,0.8050897
APBB1IP,1.2481015
APEX1,0.6315323
APH1A,1.0223719
APH1B,0.86384594
APITD1,0.6390222
APLP2,0.71240604
APMAP,1.1748836
APOBEC3A,1.147394
APOBEC3C,1.316356
APOBEC3G,1.5510774
APOBEC3H,1.3341761
APOBR,0.4320182
APOC1,1.2178521
APOE,0.8051543
APOL6,0.49893782
APP,1.4754579
APPL1,2.0259714
APRT,0.69628745
AQP1,0.5513807
AQP10,1.5582591
AQP3,1.3837179
AQP9,0.36399806
ARAP1,0.95098495
ARAP2,1.6718906
AREG,0.96015847
ARF1,1.203464
ARF3,1.4171672
ARF4,0.79643536
ARF5,1.2550873
ARF6,1.3674991
ARFGAP3,1.4978482
ARGLU1,1.1873473
ARHGAP11A,0.8028509
ARHGAP11B,0.9501399
ARHGAP15,0.7418207
ARHGAP18,1.5653182
ARHGAP23,0.70647705
ARHGAP24,1.821196
ARHGAP26,1.1401466
ARHGAP27,1.5704647
ARHGAP30,1.2102879
ARHGAP31-AS1,0.86300504
ARHGAP4,1.1985681
ARHGAP5,0.5771099
ARHGAP6,1.1444222
ARHGAP9,0.69915485
ARHGDIA,0.10719944
ARHGDIB,1.7817261
ARHGEF1,1.0137728
ARHGEF2,1.0400101
ARHGEF40,1.4611019
ARID1A,0.45029387
ARID1B,1.0204426
ARID2,1.2575779
ARID3A,1.1056917
ARID4A,1.0491703
ARID4B,1.1174811
ARID5A,0.8801267
ARID5B,0.23498452
ARIH1,1.2362041
ARL4A,1.8107108
ARL4C,0.8342631
ARL5A,0.8987308
ARL6IP1,1.1868582
ARL6IP4,1.0486939
ARL6IP5,0.5432123
ARL8A,0.8556837
ARL8B,1.2132944
ARMC12,0.99313897
ARPC1A,0.921904
ARPC1B,1.2506349
ARPC2,0.8387507
ARPC3,1.4205859
ARPC4,1.4660925
ARPC5,0.7693608
ARPC5L,1.4236641
ARRB1,1.4732437
ARRB2,1.098779
ARRDC1,1.3480004
ARRDC2,1.2280136
ARRDC3,0.57682884
ARRDC4,0.982518
ASAH1,1.2710403
ASAP1,0.85036975
ASAP2,1.1052288
ASAP3,1.638675
ASB2,1.1464351
ASCL2,0.59112567
ASF1B,1.9738768
ASGR1,1.2475328
ASGR2,0.330532
ASH1L,1.9442871
ASIP,0.3996336
ASPH,1.2229896
ASPM,0.12713371
ASXL1,0.5599811
ATAD2,1.0600363
ATAD2B,0.3600233
ATF3,1.2307432
ATF4,1.313996
ATF5,1.0561025
ATF7IP,0.34572813
ATF7IP2,0.31165245
ATG101,0.95242554
ATG16L2,0.85285574
ATG2A,0.9796817
ATG3,1.5148273
ATM,0.9835463
ATOX1,0.63562536
ATP11A,1.1037866
ATP13A3,1.3364406
ATP1A1,0.95612824
ATP1B1,1.765
ATP1B3,1.0864602
ATP2A2,0.59632605
ATP2A3,0.9923835
ATP2B1,1.7177736
ATP2B4,0.8117669
ATP5A1,0.5352969
ATP5B,0.9039392
ATP5C1,1.5663613
ATP5D,0.74758124
ATP5E,0.953613
ATP5F1,0.7966229
ATP5G1,0.6095101
ATP5G2,0.9021337
ATP5G3,0.26722258
ATP5H,0.80440634
ATP5I,0.50909525
ATP5J,1.2528191
ATP5J2,0.77650577
ATP5L,1.1622124
ATP5O,0.63376635
ATP6AP1,1.1450291
ATP6AP2,0.9038933
ATP6V0A1,1.1957203
ATP6V0B,0.8564747
ATP6V0D1,0.773905
ATP6V0E1,1.1445382
ATP6V1A,0.5814393
ATP6V1B2,0.85673547
ATP6V1F,1.567042
ATP6V1G1,2.0359385
ATP6V1G2,1.1815472
ATP8A1,1.2948837
ATP8B3,0.722432
ATP8B4,0.8118232
ATPIF1,0.8339794
ATRX,0.8744869
ATXN1,1.3296059
ATXN10,1.233477
ATXN2L,1.1662735
ATXN7,0.37185332
AURKA,0.9049683
AURKAIP1,1.2507998
AURKB,0.7476853
AUTS2,0.39640716
AVP,1.2432199
AXL,1.0270137
AZU1,1.1923791
B2M,1.5048988
B3GNT7,1.2549899
B4GALT1,1.3741107
B4GALT5,0.90239
B4GALT6,0.46542558
BAALC,0.4103587
BAALC-AS1,0.65517694
BACH1,1.3715545
BACH2,1.578298
BAG1,1.1230955
BAG6,0.69920665
BAIAP2,1.3347957
BAIAP3,0.6319797
BANF1,0.40669322
BANK1,1.3620422
BASP1,1.7054064
BATF3,0.9889733
BAX,0.4996943
BAZ1A,0.9368236
BAZ2A,0.7098889
BAZ2B,0.7703877
BBC3,1.390351
BBX,1.4770913
BCAP31,0.77939135
BCAT1,0.8030797
BCKDK,0.92666554
BCL11A,0.73056525
BCL11B,0.8531485
BCL2,0.8509291
BCL2A1,0.898202
BCL2L11,1.1611954
BCL3,1.1867214
BCL6,1.5522636
BCL7A,1.1566939
BCL7B,0.7855165
BCL9L,0.9349675
BCLAF1,0.82799697
BCR,1.1499501
BDP1,0.3921463
BEND6,0.9517956
BEST1,0.7133277
BEX2,1.4039513
BEX4,0.5121654
BFAR,1.0736918
BFSP2-AS1,1.6676763
BHLHE40,0.9552215
BHLHE41,1.2611163
BID,0.65585095
BIN1,1.1519058
BIN2,0.9604981
BIRC3,0.9462425
BIRC5,0.53386974
BIRC6,1.2927004
BLK,0.6086227
BLNK,0.83588505
BLOC1S1,0.7369846
BLOC1S6,0.9438284
BLVRA,0.82271105
BLVRB,0.44861466
BMP6,0.9646042
BNIP2,1.0694394
BNIP3L,1.0162998
BOD1L1,0.7479294
BORCS5,1.1378706
BORCS7,1.1510888
BPI,0.9235947
BPTF,1.7082032
BRCA2,0.61785823
BRD1,1.7407527
BRD2,0.45144907
BRD3,0.806037
BRD4,0.5450551
BRD7,1.0720389
BRI3,0.67591435
BRK1,0.96958584
BSG,0.5962973
BST1,0.8515598
BST2,1.2301863
BTAF1,0.61918074
BTF3,0.9974878
BTG1,1.3599495
BTG2,1.4588122
BTG3,0.9418902
BTK,1.5134269
BTN3A2,1.1374582
BUB1,1.2261341
BUB1B,0.78073907
BUB3,1.3516307
BUD31,1.7908429
BZW1,1.6998581
BZW2,1.0940595
C10orf11,0.75713325
C10orf128,1.4392318
C10orf54,1.4421015
C11orf31,1.285259
C11orf58,1.0228515
C11orf74,0.96576977
C12orf45,1.2870599
C12orf57,1.4565886
C12orf75,0.4194563
C14orf166,1.1475582
C14orf2,0.4572116
C14orf80,0.8339657
C15orf39,1.3963722
C15orf48,0.5481643
C16orf13,0.92208177
C16orf54,1.3319372
C16orf72,0.9742572
C16orf74,1.3470821
C19orf18,1.2522328
C19orf33,1.217028
C19orf38,0.8536689
C19orf43,0.66209465
C19orf53,0.59409726
C19orf60,0.76639616
C19orf66,0.7540159
C19orf70,0.54036915
C1QA,1.00108
C1QB,0.4771348
C1QBP,1.2611876
C1QC,1.1914756
C1QTNF4,1.6896795
C1orf101,0.8987615
C1orf145,1.2599552
C1orf162,1.1092485
C1orf186,0.53600156
C1orf194,0.59582394
C1orf21,0.5063834
C1orf228,1.6817838
C1orf43,0.613616
C1orf54,1.6412082
C1orf56,1.2275577
C20orf194,1.1854936
C20orf24,1.6381685
C20orf27,1.1981015
C2CD4B,1.2972233
C2orf40,0.9174225
C2orf88,1.6048274
C3,0.596503
C3AR1,1.7532165
C3orf80,0.07830004
C4orf3,0.87922144
C4orf48,0.9518676
C5AR1,1.0693175
C5orf56,1.1217973
C6orf25,0.53780043
C6orf3,1.0130839
C6orf48,1.0461905
C6orf62,1.1146414
C7orf43,0.74145764
C7orf50,1.4510167
C7orf73,1.8143134
C8orf59,0.91037124
C8orf89,1.0198843
C9orf135,1.0652087
C9orf142,1.0601695
C9orf16,1.4533006
C9orf40,1.4437867
C9orf47,1.4616303
C9orf72,1.2385925
C9orf78,1.4527763
CA1,1.105756
CA2,1.1089946
CACHD1,0.8733507
CACNA2D3,1.6589941
CACUL1,0.71482754
CACYBP,1.3295029
CADM1,0.093616985
CALCOCO2,0.78546834
CALD1,1.5644231
CALM1,1.3822838
CALM2,1.0692152
CALM3,0.89958864
CALR,0.6807882
CALY,0.95407283
CAMK1,1.5086774
CAMK1D,0.59873015
CAMK2D,1.079724
CAMK2G,1.0619167
CAMK4,1.184925
CAMKK2,0.5288837
CAMLG,0.7288468
CAMP,1.0249393
CAMSAP1,0.619659
CANX,0.5807271
CAP1,0.032529455
CAPG,0.5126977
CAPN1,0.8012027
CAPN2,1.3467286
CAPNS1,0.9620751
CAPRIN1,1.6698107
CAPZA1,0.38463998
CAPZA2,1.3885412
CAPZB,1.2496005
CARD16,0.7253069
CARD17,1.3197802
CARD19,0.60108364
CARD9,1.5645798
CARHSP1,0.9961333
CARS,0.9410652
CARS2,0.9352589
CASC5,1.2718601
CASP1,0.62015253
CASP3,0.5169148
CASP4,0.3156816
CASP5,1.1519812
CASP8,1.3668001
CAST,1.1729065
CASZ1,1.3871975
CAT,0.6758746
CATSPER1,1.3254399
CBFA2T3,1.0468751
CBL,0.24330276
CBLB,1.0197197
CBLN3,1.1770598
CBX3,0.66868377
CBX4,1.6526225
CBX5,0.94822234
CBX6,0.44891813
CCAR1,1.1701024
CCAT1,1.3453426
CCDC109B,0.51930326
CCDC112,1.01953
CCDC12,0.7549759
CCDC134,0.28180286
CCDC14,1.0502299
CCDC15,1.0636386
CCDC151,0.77796084
CCDC153,1.4334668
CCDC167,0.65869576
CCDC168,0.48179862
CCDC171,1.3096919
CCDC183,1.6247648
CCDC186,1.626825
CCDC34,0.84273255
CCDC42,0.82687455
CCDC47,1.686283
CCDC50,0.54833984
CCDC58,1.0613562
CCDC59,1.116913
CCDC6,0.6874703
CCDC64,0.50652766
CCDC69,0.9279065
CCDC80,1.1942492
CCDC85B,0.4156041
CCDC88A,0.94751906
CCDC88C,1.0712197
CCDC91,0.7161314
CCL2,1.0483217
CCL20,0.7766591
CCL23,0.62995666
CCL3,0.85875636
CCL3L3,1.2180556
CCL4,0.48543605
CCL4L2,1.0569257
CCL5,0.5267713
CCL7,0.6468256
CCM2,0.4123694
CCNA2,1.2745982
CCNB1,1.0981601
CCNB2,1.0038351
CCND2,0.6890191
CCND3,0.60511243
CCNDBP1,1.3880949
CCNF,0.5098468
CCNG1,0.6504859
CCNG2,1.1942427
CCNH,0.5827393
CCNI,1.2513618
CCNK,0.07830004
CCNL1,1.0813591
CCNY,1.3568345
CCPG1,1.3910831
CCR1,1.0265666
CCR10,1.4821059
CCR6,1.4181548
CCR7,1.1355101
CCR9,1.3290312
CCT2,0.87329996
CCT3,1.1910571
CCT4,1.6503776
CCT5,1.2750766
CCT6A,0.89529
CCT7,0.89984816
CCT8,1.3246315
CCZ1,1.5424033
CD101,1.1211226
CD14,1.1496551
CD151,1.1248899
CD160,1.1987174
CD163,1.2236183
CD164,0.9223263
CD19,1.039538
CD1A,0.15838459
CD1B,1.0299041
CD1C,0.6403821
CD1D,1.2160945
CD1E,0.5777277
CD2,0.29516593
CD200,1.266904
CD22,0.6971944
CD24,1.5350168
CD247,1.2397267
CD27,1.0139263
CD28,1.7553676
CD2AP,1.0827631
CD300A,1.0298156
CD300C,0.46838588
CD300E,0.894045
CD300LF,1.3293673
CD302,0.760876
CD320,0.6511748
CD33,1.2919401
CD34,1.6118001
CD36,0.6383704
CD37,1.1733685
CD38,1.605155
CD3D,0.7323872
CD3E,1.1761508
CD3G,1.2059647
CD4,1.2901162
CD40,0.92122865
CD40LG,0.45472696
CD44,0.6054167
CD46,0.97540784
CD47,0.7734067
CD48,0.7673566
CD5,1.7890689
CD52,1.3748487
CD53,0.8387552
CD55,0.63695616
CD58,0.6520679
CD59,0.9170395
CD6,0.6972406
CD63,1.5067074
CD68,1.4182967
CD69,0.48504654
CD7,1.2557269
CD70,0.8929447
CD74,1.1823735
CD79A,0.51297736
CD79B,1.1073819
CD81,0.87160075
CD82,1.9390005
CD83,0.6636641
CD84,1.5246788
CD86,0.6525474
CD8A,1.2650622
CD8B,0.87116075
CD9,0.9215274
CD93,0.8974964
CD96,1.505958
CD99,0.8089861
CDA,1.4340048
CDC14A,0.5703735
CDC20,0.80031806
CDC20B,0.7914102
CDC25B,0.9903764
CDC25C,1.4463605
CDC37,1.8468268
CDC40,0.67365235
CDC42,0.58798456
CDC42BPA,0.7679619
CDC42EP3,0.7697696
CDC42EP4,0.7202148
CDC42SE1,0.07830004
CDC42SE2,0.9421612
CDC45,1.5486822
CDC5L,0.86708146
CDC6,1.2114955
CDCA2,0.42740083
CDCA3,1.1350058
CDCA5,0.63983214
CDCA7,1.6911478
CDCA7L,1.2833718
CDCA8,1.2785931
CDH23,1.4213787
CDH7,1.4183531
CDK1,0.699663
CDK11B,0.3886574
CDK19,0.5940119
CDK2AP2,0.9770392
CDK4,0.79972714
CDK5R1,0.96994656
CDK6,0.9653275
CDKN1A,1.4914279
CDKN1B,0.65821666
CDKN1C,0.5937749
CDKN2A,0.9883244
CDKN2D,0.854318
CDKN3,1.4046313
CDS2,0.4282552
CDT1,0.9598568
CDV3,1.4500602
CEACAM3,0.8114591
CEBPA,0.48789567
CEBPB,1.2132889
CEBPD,0.74063855
CEBPG,1.4980793
CEBPZ,1.0170485
CECR1,0.49024093
CECR5-AS1,1.1989574
CELF1,0.9884903
CELF2,1.4020516
CELSR3,0.7815052
CENPA,0.54707974
CENPE,1.2451048
CENPF,1.1449229
CENPH,0.26487988
CENPK,0.48844066
CENPM,0.8938579
CENPN,0.51718414
CENPU,0.8178364
CENPW,1.1809676
CEP170B,1.5386064
CEP290,0.7571624
CEP350,1.158802
CEP55,0.8045216
CEP70,0.99996334
CEP78,1.2685422
CEP85L,1.1399361
CEP95,0.36865294
CERS3,0.7473408
CERS6,0.5675153
CES1,1.4035422
CFAP36,0.25426248
CFD,0.9515531
CFL1,1.026445
CFLAR,1.3952659
CFP,0.71111244
CH17-373J23.1,0.7253405
CH507-216K13.2,0.45827582
CHADL,1.6186923
CHCHD10,1.0821439
CHCHD2,1.3084803
CHD1,0.86744034
CHD2,1.1103983
CHD4,1.311094
CHD7,1.0238509
CHD9,1.4058274
CHEK1,0.27942327
CHI3L2,0.69185907
CHIC2,0.8225661
CHKB-AS1,0.7691296
CHMP1B,0.4939453
CHMP2A,0.5766161
CHMP2B,0.2916301
CHMP4A,0.68241394
CHMP4B,2.0116532
CHMP7,0.7657692
CHN1,0.9874536
CHP1,0.61244136
CHPT1,0.10111562
CHRM3-AS2,0.60828894
CHST11,0.90361995
CHST12,0.79443145
CHST15,1.0731759
CHST2,0.87744284
CHSY1,0.6740884
CHURC1,1.0985323
CIB1,1.4820664
CIB2,0.9572205
CIITA,1.7369897
CIR1,0.64337254
CIRBP,1.2433149
CISH,0.82899594
CIT,1.2834454
CITED2,0.7774208
CKAP2,0.81310034
CKAP2L,0.9634497
CKAP4,1.0885543
CKAP5,1.1815925
CKB,1.415021
CKLF,1.028738
CKMT2,0.7934759
CKS1B,0.972467
CKS2,1.370748
CLDN11,1.2405549
CLDN4,1.4292991
CLDN5,0.77172935
CLDN7,1.5500499
CLDND1,1.1294217
CLEC10A,1.6504955
CLEC11A,0.8171996
CLEC12A,0.9391078
CLEC12B,1.6598139
CLEC1B,1.047416
CLEC2B,1.5613608
CLEC2D,1.4821373
CLEC2L,1.0492588
CLEC4A,1.4466878
CLEC4C,0.74921906
CLEC4D,0.34491065
CLEC4E,1.0277084
CLEC5A,1.3252157
CLEC7A,0.94853896
CLEC9A,1.5355138
CLECL1,1.1575742
CLIC1,1.5175601
CLIC2,1.9425712
CLIC3,1.321901
CLIC6,0.8155199
CLIP1,1.3428347
CLK1,0.6055563
CLMN,1.067493
CLN6,0.8577517
CLN8,0.17500217
CLNS1A,1.2827921
CLPTM1L,1.4580549
CLSPN,0.9394117
CLTA,1.1481802
CLTC,1.0902119
CLU,1.2521484
CMB9-22P13.1,0.8873519
CMC1,0.98890316
CMIP,1.2592641
CMPK1,1.5483662
CMPK2,0.6889897
CMSS1,0.46782115
CMTM3,0.5963131
CMTM4,1.1289064
CMTM5,0.8548183
CMTM6,0.86179066
CNBP,0.5124149
CNIH1,1.2893653
CNIH3,0.90119
CNIH4,0.90128464
CNN2,0.9979052
CNNM1,1.1663764
CNOT2,1.7413801
CNOT6L,1.1555059
CNOT7,0.79369193
CNPY3,1.410712
CNRIP1,0.44454834
CNTRL,1.3048879
COA3,0.68672544
COBLL1,0.51828307
COCH,1.1193428
COL13A1,1.0956407
COL16A1,1.4323014
COL18A1,0.92301196
COL19A1,1.1876425
COL24A1,1.6844507
COL4A3BP,0.6251165
COL5A3,1.371224
COL6A2,0.9816927
COL9A2,1.059737
COLCA1,0.9311466
COLGALT1,1.0079099
COMMD6,0.8207793
COMMD7,1.5810647
COMMD9,1.036511
COMT,1.1920288
COPA,1.0628976
COPB1,0.6140624
COPE,0.32297665
COPS3,1.3166457
COPS5,1.4040698
CORO1A,1.3118616
CORO1B,1.1412063
CORO1C,0.36233518
CORO7,1.1507306
COTL1,0.96858853
COX17,0.7457674
COX4I1,0.6427988
COX5A,0.6823448
COX5B,0.5468296
COX6A1,0.54842764
COX6B1,0.6029081
COX6C,1.4123938
COX7A2,1.1656662
COX7A2L,1.3555272
COX7B,0.9828854
COX7C,1.6048487
COX8A,0.97392434
CPA3,1.6997875
CPA5,0.71894896
CPEB2,1.1505302
CPEB4,1.7368541
CPED1,1.0305526
CPNE1,0.4160441
CPNE3,1.1937981
CPNE5,1.5170941
CPNE8,0.5515001
CPPED1,0.940773
CPSF6,0.64360785
CPVL,0.80053747
CPXM1,0.86212015
CR1,1.0534043
CRBN,1.4639472
CREB5,1.2415626
CREBRF,1.0994723
CREBZF,0.07830004
CREG1,1.8003732
CRELD2,0.34448737
CREM,1.6820456
CRHBP,0.78628147
CRIP2,1.2756046
CRISPLD2,0.891606
CRNDE,0.9641301
CROCC2,1.1484663
CRTAP,0.9911205
CRYBA4,0.63122165
CRYBG3,1.7792927
CRYGD,0.91918737
CSDE1,1.1442469
CSF1R,1.5426812
CSF2RA,1.6516523
CSF2RB,0.5339465
CSF3R,0.9842467
CSGALNACT1,0.5822656
CSGALNACT2,1.1393467
CSK,0.9391908
CSNK1A1,1.2194762
CSNK1D,1.1622611
CSNK1G2,1.0508106
CSNK2B,1.2910132
CSRNP1,0.9836291
CST3,0.5183158
CST6,0.533144
CST7,1.6060137
CSTA,0.43723783
CSTB,1.2190202
CTA-293F17.1,0.5880875
CTA-29F11.1,1.0694051
CTA-384D8.34,0.6411659
CTA-407F11.7,1.384964
CTB-167B5.1,0.9565774
CTB-40H15.4,1.5231448
CTB-50L17.16,1.1607215
CTB-58E17.3,0.99580353
CTB-61M7.2,1.3355857
CTBP1,0.7561107
CTBP2,1.3044642
CTBS,0.88394475
CTC-203F4.2,1.6914654
CTC-251D13.1,0.8662306
CTC-336P14.1,0.9306278
CTC-425F1.4,0.9852765
CTC-461F20.1,1.462271
CTC-554D6.1,1.0897336
CTCF,0.8004278
CTD-2006K23.1,1.0044188
CTD-2020K17.1,0.3946899
CTD-2021H9.3,1.052275
CTD-2034I4.2,0.94611835
CTD-2035E11.3,0.8897552
CTD-2050E21.1,1.2402656
CTD-2215E18.1,0.99758834
CTD-2308L22.1,0.51737076
CTD-2313N18.7,0.6472194
CTD-2357A8.3,1.1374615
CTD-2525I3.3,1.3598182
CTD-2537I9.12,1.3321258
CTD-2538C1.2,1.0386857
CTD-2545M3.8,1.7276981
CTD-2568A17.1,2.2503772
CTD-3022G6.1,1.239421
CTD-3065J16.9,1.1563812
CTD-3126B10.4,0.57068115
CTD-3157E16.2,1.3063973
CTD-3184A7.4,1.5416039
CTD-3252C9.4,0.69289535
CTDNEP1,1.3623667
CTDSP1,0.585954
CTDSP2,0.6623826
CTLA4,0.90690726
CTNNA1,1.010494
CTNNAL1,1.4717057
CTNNB1,0.9303822
CTNNBL1,0.9438447
CTNND1,1.0208504
CTSA,1.0426391
CTSB,0.9158005
CTSC,0.8113816
CTSD,1.3119941
CTSG,1.3806852
CTSH,0.8065545
CTSL,1.3269846
CTSS,1.8846738
CTSW,0.8374195
CTSZ,0.89466333
CTTN,1.5178275
CUL3,0.53914744
CUL5,0.9886973
CUTA,1.3056259
CUX1,0.51602876
CX3CR1,1.549251
CXCL1,1.0377157
CXCL10,1.2642682
CXCL11,1.5735613
CXCL13,0.8211233
CXCL14,1.0917358
CXCL16,0.8936238
CXCL2,1.4877919
CXCL3,1.566312
CXCL8,0.76735616
CXCL9,0.835954
CXCR3,1.1972556
CXCR4,0.41029763
CXXC5,0.9152818
CYB561A3,1.1235398
CYB5R3,1.1290276
CYB5R4,0.41203737
CYBA,0.8560266
CYBB,0.5316222
CYC1,1.1210052
CYCS,1.2484894
CYFIP1,1.6426734
CYFIP2,1.0489762
CYLD,0.93928385
CYP1B1,1.0614667
CYP20A1,1.0401297
CYP27A1,0.5281039
CYP2D6,1.196201
CYP2S1,0.67486274
CYP4F22,0.7825282
CYP51A1,1.3844678
CYSLTR1,1.0752754
CYSLTR2,0.7371739
CYSTM1,1.2177943
CYTH1,0.8747944
CYTH4,0.71065694
CYTIP,0.5740759
CYTL1,0.8753643
DAAM1,1.6670406
DAB2,0.6456796
DAD1,1.5151175
DAP3,1.0603054
DAPK1,0.71136904
DAPP1,0.5380826
DARS,0.8813496
DARS2,0.61310995
DAZAP1,1.0819755
DAZAP2,0.78190887
DBI,1.2162311
DBN1,1.1204638
DBNDD1,0.6388811
DBNL,0.7471555
DCAF7,0.34763396
DCAKD,0.7435313
DCK,0.93754655
DCLRE1A,1.3765289
DCP2,1.0832907
DCTN3,0.9508408
DCUN1D3,0.75522166
DCXR,1.1187015
DDAH2,1.9361148
DDB1,1.7929877
DDHD1,1.0065019
DDI2,1.5322095
DDIT4,0.6076433
DDN,0.64760166
DDOST,0.8164902
DDT,0.75115794
DDX11,1.4387653
DDX17,1.0626215
DDX18,1.0899131
DDX21,1.2007163
DDX24,1.7745347
DDX27,1.2632115
DDX39A,1.2634854
DDX3X,0.927272
DDX3Y,1.6157947
DDX46,1.7680786
DDX5,0.4237019
DDX6,1.9334954
DDX60L,0.60374343
DECR1,0.65228003
DEDD2,0.73056674
DEF6,0.48809096
DEK,1.5375956
DENND1A,1.2029725
DENND3,1.5154742
DENND4A,0.94165176
DENND5A,1.4050267
DENND6B,1.2607636
DENR,0.67117244
DEPDC1,1.2118231
DEPDC1B,2.073783
DEPTOR,1.3914549
DERL3,1.4703815
DFNB31,1.632378
DGKD,2.1271927
DGKI,0.9576259
DGKZ,1.330722
DGUOK,0.91371506
DHFR,0.9122936
DHRS7,1.1618621
DHX36,0.327257
DHX38,1.4612647
DHX57,1.4662684
DHX9,0.87049484
DIAPH1,0.8212754
DIAPH3,1.1694546
DICER1,0.8100538
DIDO1,1.4218403
DIRAS1,1.0512185
DIS3,0.53780055
DKC1,0.96092284
DKK3,0.80682045
DLEU2,1.2263072
DLGAP5,1.580971
DMTN,0.6039367
DMXL2,0.87702423
DNAJA1,1.488954
DNAJA2,0.6786438
DNAJB1,1.121507
DNAJB14,1.4474752
DNAJB6,0.76422435
DNAJC1,1.3930326
DNAJC12,0.8553824
DNAJC15,0.87018025
DNAJC21,0.7694257
DNAJC3-AS1,1.015399
DNAJC4,1.5652578
DNAJC7,1.0186455
DNAJC8,0.5860756
DNAJC9,0.9404819
DNASE1L1,0.538346
DNASE1L3,1.143244
DNLZ,0.48647803
DNM1L,0.62743104
DNM3,1.63882
DNMT1,0.64732915
DNMT3A,1.0766737
DNPH1,1.701668
DNTTIP2,1.0745307
DOCK10,0.88220525
DOCK2,0.8045441
DOCK5,1.5074877
DOCK8,1.085936
DOK2,1.0542023
DOK3,0.8485492
DOK7,1.2498904
DPEP2,0.6737441
DPP7,1.4348267
DPYD,0.9549012
DPYSL2,0.68278587
DRAM2,0.07830004
DRAP1,1.318238
DRD4,1.2655232
DRICH1,0.54821885
DSC2,0.4264155
DSE,0.93063545
DST,0.73292476
DSTN,1.6432031
DSTYK,1.0465263
DTL,1.0569012
DTNA,0.6358369
DTWD2,1.343375
DTX1,1.0463697
DTYMK,1.0110966
DUS1L,1.131828
DUSP1,1.1372299
DUSP10,1.0203122
DUSP2,1.2883928
DUSP22,0.48290756
DUSP23,1.1974823
DUSP3,0.7099104
DUSP4,0.8048452
DUSP5,0.6788362
DUSP6,1.2529879
DUSP7,1.5127256
DUT,1.0935588
DYNC1H1,0.50773066
DYNC1I2,1.572205
DYNC1LI1,0.8150502
DYNC1LI2,1.0995508
DYNLL1,0.8973597
DYNLRB1,1.4380555
DYNLT1,0.5716975
E2F1,1.1958663
E2F3,1.1502382
E2F7,1.1642352
EAF1,1.4806821
EAF2,1.5685056
EAPP,0.76770365
EBF1,1.3224252
EBF4,1.2764498
EBI3,0.6538236
EBLN3,1.5996637
EBNA1BP2,0.46829948
EBP,0.378322
EBPL,1.280885
ECH1,0.43235967
ECHDC1,0.91675425
ECI1,1.613437
ECT2,0.975593
EDAR,0.4642204
EDEM1,0.7294804
EDF1,1.0381324
EDN3,0.5099919
EEF1A1,0.6909843
EEF1B2,1.2654159
EEF1D,1.0989169
EEF2,0.6915241
EFCAB2,0.6559308
EFHD2,0.9242889
EFNA5,1.1682653
EFR3A,0.85256094
EGFL6,1.343627
EGFL7,0.67330724
EGLN3,1.742278
EGR1,1.0238897
EGR2,1.2824032
EGR3,1.4093385
EHBP1L1,1.3509369
EHD1,0.7717895
EHD4,0.7115185
EHMT2,0.7674675
EID1,1.0171841
EIF1,0.9430057
EIF1AX,1.3469808
EIF1AY,0.41351065
EIF1B,0.8020625
EIF2A,0.66675603
EIF2AK2,1.2031786
EIF2AK4,1.5470454
EIF2S2,1.8723186
EIF2S3,0.93799824
EIF3A,0.96338505
EIF3B,0.49562937
EIF3D,0.93496
EIF3E,1.8984967
EIF3F,0.6926817
EIF3G,0.6223313
EIF3H,1.7066833
EIF3I,1.0659306
EIF3K,0.7562807
EIF3L,0.8321779
EIF3M,1.494967
EIF4A1,0.5672343
EIF4A2,0.76374394
EIF4A3,0.7068202
EIF4B,1.1855699
EIF4E2,0.7476949
EIF4E3,1.0040773
EIF4EBP1,1.2757165
EIF4EBP2,1.3699034
EIF4G1,0.5332375
EIF4G2,1.468245
EIF4H,1.1541868
EIF5,1.0737655
EIF5A,1.5360422
EIF5B,0.8659806
EIF6,1.1569566
ELANE,0.90964127
ELF1,1.0215868
ELF2,1.2301718
ELF4,1.0973092
ELL2,0.94865996
ELMO1,1.3773302
ELMSAN1,0.68892896
ELOF1,1.5193769
ELOVL3,0.8601383
ELOVL5,1.0873622
EMB,0.88663477
EMC10,1.259022
EMC4,0.8323348
EMD,0.9348812
EMID1,1.1562657
EMILIN2,1.132878
EML4,0.56277746
EMP1,1.2627038
EMP3,0.9883207
ENC1,1.0482268
ENG,0.8226187
ENHO,1.526532
ENKUR,0.23463045
ENO1,0.45618817
ENO1-AS1,1.096941
ENSA,1.0483589
ENTPD1,1.0733211
ENY2,0.92975646
EP300,0.89969003
EPAS1,0.47002172
EPB41L3,1.273116
EPB41L4A-AS1,0.85756975
EPC1,1.160725
EPCAM,0.6666561
EPDR1,1.1310241
EPHA2,0.9629762
EPHB6,1.331589
EPHX2,0.46123403
EPN1,1.0732583
EPPK1,1.2456847
EPRS,0.7490845
EPS15,0.61104596
EPS8,0.745091
EPSTI1,1.2371268
ERAP2,0.5510319
ERBB2IP,0.561577
ERCC1,0.3936675
ERCC6L2,0.92220587
EREG,0.60942703
ERG,0.6960168
ERGIC1,1.4214318
ERGIC3,1.2643512
ERH,1.6695164
ERLEC1,0.797797
ERN1,0.88154006
ERP29,0.7743771
ERP44,1.0421275
ESAM,1.9627134
ESD,0.51758254
ESF1,1.3871379
ESYT1,0.7094519
ESYT2,1.2728428
ETF1,0.49824104
ETFA,1.1762671
ETFB,1.1883423
ETHE1,1.4296331
ETS1,1.1827594
ETS2,1.0713911
ETV6,1.0684218
EVA1B,1.2597799
EVI2A,0.7825167
EVI2B,0.6006464
EVI5,0.07830004
EVL,1.1953405
EWSR1,0.6877036
EXOC1,0.5945442
EXOC6,1.1405884
EXOSC4,0.80612224
EXOSC6,0.3947682
EXOSC8,1.0310441
EZH2,1.9592894
EZR,0.38543075
F13A1,1.0962676
F2R,1.6121675
F5,0.905224
FA2H,0.82843155
FAAP20,0.96999645
FABP5,1.5327288
FADS1,0.9480116
FADS2,1.2411687
FADS3,1.147911
FAM101B,0.5791571
FAM102A,1.5242134
FAM102B,1.4043782
FAM105A,1.5781246
FAM107B,1.160626
FAM109A,1.7072875
FAM110A,0.8879659
FAM110C,0.35785598
FAM111A,0.7808087
FAM117A,0.8749833
FAM118A,1.2944587
FAM120A,0.5527312
FAM124B,0.96933496
FAM129A,1.6424606
FAM129B,0.9707323
FAM129C,0.63604265
FAM133B,0.5612001
FAM13A,0.62557214
FAM160A1,1.0687513
FAM162A,0.929037
FAM173A,0.6301143
FAM177A1,1.0991485
FAM179A,1.1630212
FAM195A,0.8062508
FAM198B,1.2334673
FAM201A,0.54997283
FAM204A,0.58966684
FAM20A,0.8305609
FAM212A,1.9377787
FAM212B-AS1,0.9629869
FAM214B,1.0960078
FAM26F,0.3891025
FAM32A,1.1985894
FAM43A,1.629284
FAM45A,1.3137586
FAM46A,0.8650843
FAM46C,0.6902772
FAM49A,1.3669919
FAM49B,1.6684952
FAM53B,0.8819017
FAM60A,1.3460556
FAM64A,1.1370909
FAM65B,0.55994076
FAM69B,0.9842976
FAM72C,1.2075819
FAM81A,0.7147594
FAM81B,0.92444414
FAM83D,0.9222547
FAM89B,1.388208
FAM91A1,1.0854666
FAM96B,0.74497855
FANCI,0.69109935
FANK1,1.1120995
FAR1,1.3726445
FAU,0.97251666
FBL,1.4455279
FBLN2,0.88279796
FBN1,1.688171
FBP1,1.7532254
FBXL3,0.59499437
FBXL5,1.3548664
FBXO22,0.9935779
FBXO5,1.1474823
FBXO7,0.92791843
FBXW12,1.1510998
FBXW5,1.4818443
FBXW7,1.142761
FCAR,0.87942344
FCER1A,0.95604247
FCER1G,1.2167829
FCER2,0.4481054
FCGR1A,1.0909653
FCGR1B,1.0146115
FCGR2A,1.5215946
FCGR2B,0.7608549
FCGR3A,0.5565126
FCGRT,1.2308401
FCMR,1.7438035
FCN1,0.83151925
FCRL1,0.7030503
FCRL2,0.47805414
FCRL3,0.73901016
FCRL5,1.6108813
FCRL6,0.8293818
FCRLA,1.1798477
FDFT1,0.6501336
FDPS,1.2922038
FEM1C,1.0730487
FEN1,1.1404207
FERMT3,1.6249981
FES,0.9900386
FFAR2,1.0451394
FGD2,1.6469616
FGD4,0.3883049
FGD6,1.2651478
FGF9,1.2181712
FGFBP2,1.1835204
FGL2,1.4839962
FGR,1.0218285
FH,1.126803
FHIT,1.478254
FHL1,0.9512938
FHOD1,0.36994717
FIBCD1,0.8519976
FIBP,0.82677704
FIS1,0.638646
FKBP11,1.1245772
FKBP15,1.8664665
FKBP1A,0.97392726
FKBP2,1.02106
FKBP3,0.6927256
FKBP5,0.6686024
FKBP8,1.5536478
FLII,1.7149678
FLNA,1.1059883
FLNB,1.0498099
FLT3,0.6961381
FLT3LG,1.2985448
FLVCR1,0.7091682
FLVCR1-AS1,0.48703548
FLYWCH2,0.4119832
FMNL1,1.3118988
FNBP1,0.21603097
FNBP4,1.1706271
FNIP1,1.1119257
FNIP2,0.97472733
FO538757.2,1.9836766
FOLR2,1.4949423
FOLR3,0.8163199
FOS,0.48406118
FOSB,1.2041572
FOSL2,0.8370738
FOXN3,0.97408175
FOXO3,1.1321163
FOXP1,0.61108685
FOXP3,1.0671134
FPR1,0.81015617
FPR2,1.5202472
FPR3,1.2237208
FRA10AC1,1.1069456
FRG1,0.8356506
FRMD3,0.65005016
FSCN1,0.5365146
FSTL4,1.3973044
FTH1,0.9275845
FTL,0.92578095
FUBP1,1.0321939
FUCA1,1.3713259
FUCA2,1.2359921
FUOM,1.2034854
FURIN,0.94671446
FUS,1.0918609
FUT7,0.79740185
FUT8,1.1218749
FXR1,0.8036476
FXYD1,0.7944327
FXYD5,1.5819228
FXYD7,0.48147023
FYB,1.5816778
FYN,0.978383
FZD1,1.2703599
G0S2,0.9908327
G3BP1,1.018497
G3BP2,1.0258706
G6PD,0.4807946
GAA,1.2502856
GAB2,0.33294433
GABARAPL1,1.3126513
GABARAPL2,0.6726724
GABPB1,2.001272
GABPB1-AS1,1.6944128
GABRD,1.381145
GADD45A,1.2960051
GADD45B,0.982372
GADD45G,1.0999938
GADD45GIP1,1.1447192
GAL3ST4,1.1004889
GALNT1,1.1997647
GALNT10,0.07830004
GAPDH,1.1566577
GAPT,1.1765375
GAS2L1,1.6827995
GAS6,1.4450116
GAS7,0.98231554
GATA1,1.1465802
GATA2,1.0338166
GATA3,0.8554287
GATA3-AS1,0.6639651
GATA6-AS1,0.54541373
GATAD2A,1.0650885
GATAD2B,1.3187662
GBAS,1.3154628
GBGT1,1.2048705
GBP1,1.0892375
GBP2,0.575253
GBP4,1.3450263
GBP5,0.99098545
GCA,1.7604342
GCC2,0.9679682
GCH1,0.5933576
GDI2,1.3842176
GFI1B,1.0308318
GFPT2,1.7127107
GFRA2,0.77924734
GGA1,0.6531222
GGA2,1.5274559
GGCT,1.4808209
GGH,1.4893334
GGNBP2,0.7496649
GH1,0.07830004
GHITM,1.1460972
GID8,1.2288511
GIGYF1,0.79917455
GIMAP1,1.0918051
GIMAP4,0.7418912
GIMAP7,0.94688135
GINS2,0.5463596
GIT2,1.7292073
GJB6,0.9501172
GJB7,1.0903223
GK5,0.95402795
GLB1,0.9586164
GLG1,1.1252776
GLIPR1,1.6983726
GLIPR2,1.4029853
GLMN,0.972271
GLRX,1.9743785
GLS,1.2739605
GLTP,0.9342263
GLTSCR2,0.72308093
GLUD1,1.3828971
GLUL,0.7016026
GM2A,0.87131065
GMCL1,1.1620471
GMFG,1.6585276
GML,1.0698639
GMNN,1.4196465
GMPPB,0.7596956
GMPR,1.283648
GNA13,1.0139521
GNA15,0.9940359
GNAI1,0.46559897
GNAI2,0.46164763
GNAI3,0.9500045
GNAQ,0.19345377
GNAS,0.40319502
GNAZ,0.6341579
GNB1,0.28749758
GNB2,0.8499346
GNB2L1,0.76281625
GNB4,1.0297618
GNB5,1.0126257
GNG11,0.7080474
GNG2,0.6640777
GNG5,1.2035016
GNG7,0.77323335
GNLY,0.81888944
GNPTAB,1.0287129
GNS,1.1006628
GOLGA4,1.4008968
GOLGA8M,0.31193736
GOLGB1,1.0613316
GP1BA,0.87276095
GP9,0.74547744
GPAT3,1.7068931
GPATCH2L,0.5568743
GPATCH8,1.0119414
GPBAR1,0.77155584
GPBP1,1.0778266
GPBP1L1,1.2019414
GPC4,0.737738
GPCPD1,1.6468879
GPI,1.838673
GPNMB,0.8157881
GPR15,0.9919037
GPR155,1.0861504
GPR160,0.9536768
GPR171,0.9799087
GPR173,1.9225503
GPR18,1.3789
GPR183,1.1803857
GPR20,1.3643061
GPR27,0.7737623
GPR34,1.0701784
GPR35,0.57209724
GPR65,1.465802
GPR75,1.8631076
GPRIN3,0.75766426
GPSM3,0.556063
GPX1,1.0946089
GPX3,1.3843981
GPX4,0.76309645
GRAMD1C,1.498428
GRAMD4,1.2369249
GRAP2,0.78179014
GRASP,1.3411462
GRB2,0.78409046
GREM1,1.1666332
GREM2,1.5825759
GRIK4,1.4714426
GRINA,1.2216158
GRIP1,1.0027503
GRK6,1.315417
GRM2,1.6840969
GRN,0.70141107
GRSF1,1.1424375
GS1-114I9.1,1.2408717
GS1-166A23.2,0.96404123
GS1-259H13.2,0.74525243
GSAP,0.6595212
GSE1,0.83835965
GSK3A,1.2234931
GSN,1.4434267
GSPT1,0.78334045
GSR,0.97257483
GSTK1,1.335276
GSTO1,0.87065715
GSTP1,1.0916488
GTF2A2,0.83888626
GTF2H5,0.5285849
GTF2I,0.5640726
GTF3A,1.369063
GTF3C1,0.42556062
GTF3C6,0.64300764
GTSE1,1.195146
GUCD1,0.6073593
GUCY1A3,0.07830004
GUCY1B3,1.8080279
GUCY2D,0.5865898
GUK1,0.4012188
GUSB,1.4265996
GYG1,0.9405862
GYPC,1.7554612
GZF1,0.97080475
GZMA,0.78017837
GZMB,1.3810444
GZMH,0.8743402
GZMK,0.67703307
GZMM,0.7039982
H1F0,0.6088882
H1FX,1.4211545
H2AFJ,1.154351
H2AFV,1.0208766
H2AFX,0.8225901
H2AFY,1.5326102
H2AFZ,0.9094672
H3F3A,1.0504049
H3F3B,1.2790949
HACD1,0.6779816
HACD4,1.2217565
HADHA,1.4639317
HADHB,1.1914017
HAL,1.1945206
HAS3,1.0277638
HAVCR2,1.3042095
HBA1,1.01331
HBA2,0.77526635
HBB,0.9473617
HBD,1.0234051
HBEGF,0.42146242
HBG2,1.2595388
HCAR3,0.89504176
HCK,1.1501386
HCLS1,1.3854326
HCST,1.9101263
HDAC11-AS1,0.8797664
HDAC2,0.99357456
HDAC3,1.3996463
HDAC9,0.96609163
HDGF,0.81236356
HDLBP,1.299464
HEBP1,0.98228025
HEBP2,1.2104042
HECA,0.4520509
HECTD1,1.8013455
HECW2,1.6530629
HELLS,0.9625129
HELZ,0.6388709
HEMGN,0.67826843
HERC1,0.65045494
HERC5,1.0587758
HERPUD1,0.70035446
HES1,0.89701986
HES4,0.8051543
HEXA,0.4853547
HEXB,1.0339825
HEXIM2,1.2158555
HEY1,0.66388667
HGD,0.6984084
HHEX,0.80932546
HIC1,1.6398205
HIC2,0.9315031
HIF1A,0.8641586
HIGD2A,1.0512629
HINT1,0.5900572
HIPK1,1.4542472
HIPK2,0.9694447
HIPK3,1.1053089
HIST1H1B,1.0714573
HIST1H1C,1.8577151
HIST1H2AC,1.4247922
HIST1H2AE,1.3279513
HIST1H2AG,1.6887721
HIST1H2BC,0.5606998
HIST1H2BG,0.6061889
HIST1H2BH,0.68878573
HIST1H2BJ,0.8336218
HIST1H3B,0.7269889
HIST1H3E,0.559936
HIST1H3H,1.120386
HIST1H3I,0.91705114
HIST1H3J,0.96261656
HIST1H4C,0.86523026
HIST1H4E,0.78317434
HIST1H4H,0.5147517
HIST1H4I,0.9481351
HIST2H2BE,1.6091233
HIST2H4A,1.1843604
HIVEP1,0.84805
HIVEP2,1.1115661
HIVEP3,1.3803675
HJURP,0.9343331
HK1,0.7715327
HK3,0.54250187
HLA-A,0.84908634
HLA-B,0.9152408
HLA-C,0.8145554
HLA-DMA,1.1598668
HLA-DMB,1.310527
HLA-DOA,0.45243168
HLA-DOB,0.7659402
HLA-DPA1,0.9587186
HLA-DPB1,0.82611036
HLA-DQA1,0.85065883
HLA-DQA2,1.4650843
HLA-DQB1,0.8082722
HLA-DQB1-AS1,1.2058483
HLA-DQB2,1.6549941
HLA-DRA,1.8342148
HLA-DRB1,1.2826041
HLA-DRB5,0.5849427
HLA-E,0.88742954
HLA-F,1.1196432
HLF,1.4484859
HLX,0.54322
HM13,1.4156868
HMG20B,1.2702411
HMGA1,0.07830004
HMGA2,1.4420003
HMGB1,1.4156648
HMGB2,1.297092
HMGB3,1.3535076
HMGN1,1.800075
HMGN2,0.6566775
HMGN3,1.3406734
HMHA1,0.4911279
HMMR,0.8670944
HMOX1,0.33261254
HN1,1.0257143
HNMT,1.2986491
HNRNPA0,0.7069614
HNRNPA1,1.9968705
HNRNPA2B1,1.0100183
HNRNPA3,0.62222224
HNRNPAB,1.7144774
HNRNPC,1.1300589
HNRNPD,0.70428133
HNRNPDL,0.47590673
HNRNPF,1.1478173
HNRNPH1,1.272909
HNRNPH2,1.1190734
HNRNPH3,1.7284501
HNRNPK,0.97244364
HNRNPL,1.2622881
HNRNPLL,0.48724738
HNRNPM,0.66247606
HNRNPR,0.8146009
HNRNPU,1.5835974
HNRNPUL1,1.0012712
HOMER3,1.2836848
HOPX,0.64005494
HOTAIRM1,1.1449717
HOXA10,0.8789982
HOXA5,0.8896558
HOXA9,1.1826024
HOXB9,0.90209496
HOXC4,0.9823922
HP1BP3,1.5975688
HPCAL4,0.9300565
HPGD,0.7203289
HPGDS,1.4600446
HRASLS2,0.97435045
HRAT92,1.3822292
HRH2,1.4182135
HRK,0.9792852
HSBP1,0.8526959
HSD17B10,1.5917708
HSD17B11,1.2687875
HSD17B14,0.40369016
HSD17B4,0.8214103
HSF4,1.123523
HSH2D,1.1407028
HSP90AA1,1.3870223
HSP90AB1,0.95446503
HSP90B1,1.6736956
HSPA14,1.7756668
HSPA5,0.64048433
HSPA6,1.2451243
HSPA8,1.2355838
HSPA9,0.935656
HSPB1,1.4958224
HSPD1,1.0418873
HSPE1,1.1201038
HSPG2,0.6499025
HSPH1,1.5271678
HTATSF1,0.43283874
HTR1F,0.9997218
HTR3A,1.1505151
HTT,0.99327344
HVCN1,0.9954508
HYI-AS1,1.6103536
HYOU1,1.2415167
ICAM1,1.1729207
ICAM2,1.1633403
ICAM3,0.85463566
ICAM4,0.17757644
ICE1,0.8140788
ICOS,0.7440648
ICOSLG,0.59664446
ID1,1.2691225
ID2,0.7639564
ID3,1.0184734
IDH2,0.5274385
IDH3G,1.0739868
IDI1,0.6951635
IDI2,1.0579354
IDO1,1.4917452
IDS,1.3310535
IER2,0.79556626
IER3,0.7516897
IER5,0.2273671
IER5L,0.89835197
IFI16,0.39579535
IFI27,0.6540855
IFI27L1,0.7271113
IFI30,0.68755543
IFI35,0.9885498
IFI44,0.83361936
IFI44L,1.4780712
IFI6,0.90871537
IFIT1,1.3419816
IFIT2,0.7082404
IFIT3,0.96050084
IFITM1,1.7230299
IFITM10,0.3981797
IFITM2,0.5523101
IFITM3,0.9935127
IFNAR2,0.9554288
IFNG,1.6741303
IFNGR1,1.4532778
IFNGR2,1.2745581
IFRD1,1.3667008
IFT20,0.75648904
IFT57,0.36625677
IGBP1,1.1285117
IGFALS,1.3001364
IGFBP4,0.63730425
IGFBP6,0.5920684
IGFBP7,0.9805209
IGHA1,0.95280564
IGHA2,1.5094801
IGHD,0.84837353
IGHEP1,0.33260685
IGHG1,1.3700664
IGHG3,1.6551611
IGHG4,0.78985924
IGHM,0.6074875
IGHV1-24,1.0044439
IGKC,0.73971415
IGKJ5,0.57513314
IGLC2,1.0150083
IGLC3,0.9744631
IGLC5,0.9480159
IGLC6,0.8068896
IGLC7,1.507294
IGLL1,0.6984003
IGLL5,0.68648463
IGLV1-51,0.5074355
IGLV2-14,1.1933303
IGSF6,1.4451572
IK,0.6709504
IKZF1,1.0606676
IKZF2,1.6753302
IKZF3,1.0327133
IL10RA,1.4451028
IL10RB,1.6272447
IL13RA1,1.2580221
IL16,0.99327826
IL17C,0.77140284
IL17RA,1.2137728
IL17RB,1.310551
IL18,1.2606242
IL18R1,0.83980006
IL18RAP,0.69018096
IL19,0.9164751
IL1B,1.2661141
IL1R2,0.88860315
IL1RN,1.1803148
IL2,1.2349204
IL20RB,1.1963326
IL2RB,0.97251207
IL2RG,0.68400556
IL32,1.0827551
IL3RA,0.61956626
IL4I1,0.483363
IL4R,0.70582217
IL6,1.2519977
IL6R,1.1751746
IL7R,1.5963511
ILF2,0.9007179
ILF3,0.75589997
ILF3-AS1,0.8894094
ILK,0.846902
IMPA2,0.41403618
IMPDH1,0.8201888
IMPDH2,0.70746034
INAFM2,0.881793
ING1,1.0756557
ING2,1.0662779
INHBA,0.7782196
INO80C,0.62149256
INPP4A,1.4521747
INPP4B,0.9184281
INPP5D,0.76537347
INSIG1,0.9399183
INSL4,1.2157757
INSR,0.7786528
INTS3,1.2542686
INTS6,0.69908065
IQCA1,2.0676696
IQGAP1,0.7558329
IQGAP2,0.937356
IQSEC1,1.5338953
IQSEC3,0.7142753
IRAK1,1.0724441
IRAK3,0.39627504
IREB2,0.80409867
IRF1,0.6483754
IRF2BP2,1.07302
IRF2BPL,0.3402461
IRF4,1.0623878
IRF5,0.519478
IRF7,0.7228049
IRF8,1.4685472
IRF9,1.4041077
IRS2,0.59540874
IRX3,1.3971447
ISCU,0.72073936
ISG15,1.4005958
ISG20,0.74905336
ISM1,1.2901869
ISOC2,1.5487685
ISYNA1,0.6930924
ITGA2B,0.6601698
ITGA4,0.69876343
ITGA5,1.143065
ITGA6,1.7927493
ITGA9,1.4843876
ITGAE,1.1028671
ITGAL,1.1724802
ITGAM,0.9204732
ITGAV,0.7613712
ITGAX,0.67623883
ITGB1,0.31706676
ITGB1BP1,0.6455254
ITGB2,0.78000766
ITGB3,0.96281654
ITGB3BP,0.5921391
ITGB5,1.482611
ITGB7,1.0888209
ITK,0.7228587
ITM2A,1.0802919
ITM2B,0.7140775
ITM2C,1.0339303
ITPK1,0.99579835
ITPKB,0.71113384
ITPR1,0.73681515
ITSN1,0.63659126
ITSN2,1.241256
IVNS1ABP,0.7983331
JAG1,0.68301
JAK1,1.0993577
JAK2,0.4279198
JAKMIP1,1.3903868
JAML,1.0365347
JARID2,0.99980694
JCHAIN,1.0165107
JDP2,1.1294369
JMJD1C,0.9084215
JTB,1.6208198
JUN,1.5845947
JUNB,0.07830004
JUND,1.2004497
JUP,0.9034389
KANSL1,0.7628939
KATNAL2,1.7899129
KB-1507C5.4,0.5766714
KB-1980E6.3,0.72914743
KBTBD11,1.9830706
KCMF1,1.4837607
KCNAB2,1.2951396
KCNC3,1.2314957
KCNG2,1.4966929
KCNH2,1.4557445
KCNJ2,0.8041358
KCNK10,0.7711963
KCNK5,0.68900937
KCNK6,0.63841057
KCNMA1,1.157857
KCNMB4,0.87993586
KCNQ1,1.928377
KCNQ1OT1,0.8894123
KCTD12,1.0608557
KCTD15,0.96029764
KCTD5,1.5509725
KDELR1,1.065352
KDELR2,0.98487455
KDM1A,1.3936396
KDM1B,1.068585
KDM2A,1.4526522
KDM3B,1.508987
KDM5A,0.80193794
KDM6B,0.9789448
KDM7A,0.7491069
KHDRBS1,0.5627689
KHSRP,1.0634967
KIAA0040,1.0881983
KIAA0100,1.139226
KIAA0101,0.9956671
KIAA0125,0.25018603
KIAA0226L,0.8348575
KIAA0232,0.99085385
KIAA0930,0.632727
KIAA1033,1.4235551
KIAA1109,1.3198972
KIAA1211L,1.2896528
KIAA1524,0.5743474
KIAA1551,0.7280015
KIAA2013,1.0628955
KIAA2022,1.5083138
KIDINS220,1.0172083
KIF11,1.4537103
KIF13A,0.33830371
KIF14,0.73189265
KIF15,1.2082771
KIF19,1.3177474
KIF20A,1.2301875
KIF20B,0.5274454
KIF22,0.3876647
KIF23,0.67916685
KIF2C,1.3442997
KIF5A,1.0800022
KIF5B,1.7079946
KIF5C,1.4125028
KIFC1,0.33278227
KIFC3,0.85411996
KIR2DL1,0.9756625
KIR2DL3,1.0684297
KIR2DL4,1.1111107
KIR3DL2,1.1156155
KIR3DL3,1.1674297
KISS1,1.2764177
KITLG,1.105553
KLF1,1.0652593
KLF10,0.9774148
KLF11,0.9681222
KLF13,0.68071556
KLF2,0.9348606
KLF3,0.9881317
KLF4,1.256017
KLF6,0.8285282
KLF7,1.2087653
KLF9,1.2150114
KLHL24,1.7654978
KLHL29,1.0281957
KLHL4,1.2201669
KLHL5,0.8641238
KLRB1,1.2776127
KLRC1,1.7763174
KLRC2,0.32928896
KLRD1,0.92132676
KLRF1,0.7554348
KLRG1,1.2895557
KMT2A,1.6270863
KMT2C,1.0536661
KMT2E,1.0818496
KPNA2,1.3232857
KPNA4,1.0716592
KPNB1,0.4616557
KRAS,0.8132404
KREMEN2,0.48907065
KRR1,0.7689512
KRT1,0.926707
KRT10,0.87755704
KRT18,0.26294985
KRT2,0.6122526
KRT23,0.46142042
KRT5,1.1814831
KRT7,1.7616123
KRT72,1.6282015
KRT81,0.8226384
KRT86,0.4994213
KTN1,1.1530181
KXD1,1.0157057
KYNU,1.4646677
LA16c-306E5.2,0.8489399
LACTB,1.1160767
LAG3,1.5787973
LAIR2,0.5094724
LAMA3,0.6814995
LAMP1,1.3596616
LAMP2,1.607839
LAMP5,0.4077688
LAMTOR1,0.35914603
LAMTOR2,1.2522668
LAMTOR4,1.0024465
LAMTOR5,0.8944586
LANCL3,1.0334291
LAP3,0.7268492
LAPTM4A,0.65684783
LAPTM4B,1.7850379
LAPTM5,0.5587906
LARP1,0.9546398
LARP7,0.6643406
LASP1,1.8705641
LAT,0.07830004
LAT2,0.9509346
LBH,1.2403826
LBR,0.56103194
LCK,1.2081811
LCN2,1.2424338
LCOR,1.8168905
LCP1,1.5763303
LCP2,1.6572165
LDHA,0.117696375
LDHB,1.3559035
LDLR,0.65590096
LDLRAD4,0.5014025
LEF1,0.96825033
LENG8,1.6543536
LEPROT,0.55208975
LEPROTL1,1.0968511
LFNG,0.17952007
LGALS1,0.8331569
LGALS2,1.3658738
LGALS3,0.9578003
LGALS3BP,0.7735668
LGALS8,0.9772347
LGALS9,0.9690195
LGALSL,1.1219871
LGMN,1.2338167
LGR4,0.60476416
LIF,1.1432343
LIG1,1.1895591
LILRA1,0.77333385
LILRA2,0.80850494
LILRA4,1.5844756
LILRA5,1.5451097
LILRA6,0.790483
LILRB1,0.94001496
LILRB2,1.0448858
LILRB3,0.64449745
LILRB4,1.1746958
LILRB5,1.3491682
LIMA1,0.9037343
LIMD1,0.91567945
LIMD2,0.96943516
LIMK2,0.9629757
LIMS1,1.2441667
LINC-PINT,0.9654074
LINC00111,0.56686515
LINC00152,0.75223845
LINC00200,1.6208773
LINC00235,1.3605372
LINC00402,0.9589325
LINC00493,1.4602635
LINC00528,1.1813769
LINC00539,1.3831295
LINC00544,0.7933513
LINC00565,0.53168434
LINC00596,0.3605046
LINC00598,0.64467114
LINC00599,1.2664841
LINC00657,1.069995
LINC00662,0.5433248
LINC00685,0.528385
LINC00861,1.41622
LINC00869,1.4837208
LINC00877,0.97283477
LINC00926,1.1966834
LINC00936,1.0608143
LINC00969,1.3998175
LINC00996,1.0193716
LINC01089,1.4076204
LINC01152,1.0410964
LINC01215,1.2161708
LINC01250,0.7294921
LINC01251,1.086446
LINC01272,0.9307417
LINC01277,1.7948114
LINC01281,0.9250166
LINC01336,1.0724888
LINC01374,1.628064
LINC01376,0.8392851
LINC01392,2.0457551
LINC01420,0.46516714
LINC01424,1.145142
LINC01535,0.62440425
LINGO2,0.8841638
LIPA,1.0456144
LIPN,0.60297394
LITAF,1.5737501
LKAAEAR1,0.47063118
LL22NC03-75H12.2,1.270625
LLGL2,1.16759
LMAN1,0.6109467
LMAN2,1.1030533
LMF2,0.57963806
LMNA,0.56316316
LMNB1,0.562626
LMO2,1.3133094
LMO4,0.3200908
LMO7-AS1,1.6927693
LNPEP,0.87598264
LONRF3,0.83802724
LOXL2,0.34937936
LPAR6,0.39061475
LPCAT2,0.89547145
LPGAT1,1.1153704
LPIN1,0.61369544
LPP,0.86079925
LPXN,0.94039017
LRIG1,1.5904362
LRMP,1.4727758
LRP1,0.6756588
LRP5,0.72607076
LRP8,1.17174
LRPAP1,1.3116262
LRRC25,1.2269218
LRRC43,1.0017853
LRRC58,0.6716841
LRRC75A,1.4283481
LRRC8A,1.2914534
LRRCC1,0.24518946
LRRFIP1,0.82709557
LRRK1,0.95447254
LRRK2,0.72782314
LRRN3,1.1586916
LSM14A,0.82900053
LSM2,0.6775312
LSM3,1.7853229
LSM4,0.6603588
LSM5,1.2067566
LSM7,1.106592
LSM8,1.1410242
LSP1,0.70175874
LST1,1.287753
LTA4H,1.2983968
LTB,1.0408628
LTBP1,1.2133238
LTK,0.9128993
LUC7L3,1.0675116
LUCAT1,0.9769378
LUZP1,0.8955325
LXN,1.2208018
LY6E,0.8252233
LY6G6F,1.4525509
LY86,1.1772615
LY9,0.9693343
LY96,1.0259191
LYAR,0.59920156
LYL1,0.7964298
LYN,1.796249
LYNX1,1.3086914
LYPD2,0.5117941
LYPLA1,0.5610257
LYPLAL1,0.88704765
LYST,0.7138685
LYZ,0.5428305
LZTFL1,0.66130775
M6PR,0.94363135
MACF1,1.3808994
MAD2L1,0.5938366
MAF,1.2386532
MAFB,1.1015946
MAFF,0.81927276
MAFG,1.0779753
MAGOH,1.5356114
MAL,0.7779445
MALAT1,1.0266511
MALT1,0.64562744
MAML3,0.9740526
MAN1A2,1.0638813
MANBA,1.1338623
MANF,1.7357894
MAOB,1.3287439
MAP1A,1.272728
MAP1LC3B,1.8404597
MAP2,0.9182158
MAP2K1,1.2931821
MAP2K2,0.8381647
MAP2K3,0.76138496
MAP3K1,0.7610507
MAP3K11,1.5026189
MAP3K2,1.184643
MAP3K3,0.78675115
MAP3K7CL,0.34401566
MAP3K8,0.60352933
MAP4K1,0.88341874
MAP4K2,1.138129
MAP4K4,0.25949743
MAP7,0.8856065
MAP7D1,0.40006825
MAP7D3,1.5512345
MAPK1,0.8815824
MAPK11,0.8184743
MAPK14,0.97035664
MAPK1IP1L,0.9477567
MAPK9,1.0827875
MAPKAPK2,0.7805137
MAPKAPK3,0.9109996
MAPRE1,0.27345347
MARC1,0.7500388
MARCH1,1.139653
MARCH2,0.6465772
MARCH3,0.8462282
MARCH6,0.60156745
MARCKS,1.0754322
MARCKSL1,1.1492859
MARCO,0.9456657
MAT2A,1.255488
MATK,1.6653157
MAX,1.3029739
MAZ,1.296291
MBD2,0.45453668
MBD4,0.66182077
MBLAC2,1.3060831
MBNL1,0.9137871
MBOAT4,0.6165859
MBOAT7,1.4892892
MBP,1.0204778
MCAM,0.66702193
MCF2,0.49872103
MCFD2,1.0061232
MCL1,1.3034401
MCM2,1.1307588
MCM3,1.6239716
MCM4,1.5366
MCM5,0.3994426
MCM7,0.42272273
MCOLN2,1.0117918
MCTP1,1.5933887
MCTP2,1.1691417
MCTS1,0.93962586
MDH1,1.6646295
MDH2,1.5404161
MDK,1.1248964
MDM4,0.45199776
ME1,0.44038904
MECP2,1.1880828
MED10,0.7748582
MED12L,0.6951195
MED13L,1.5574284
MED14,1.027991
MED23,0.53374296
MEF2A,1.6921142
MEF2C,1.229274
MEF2C-AS1,1.0888528
MEF2D,0.8131244
MEFV,0.77834296
MEG3,0.9582511
MEGF9,1.2278376
MEIS1,1.041911
MEIS3,1.1504072
MELK,1.0614165
MERTK,1.4042892
MESDC2,0.64865327
MEST,0.60166264
METAP2,1.1067699
METRNL,1.7153331
METTL7A,1.4944673
METTL9,1.0438635
MEX3B,0.5546364
MFI2,1.674701
MFNG,0.6211471
MFSD1,1.1507946
MFSD10,1.4489616
MFSD12,0.5065213
MFSD2B,0.7538892
MFSD7,1.3596324
MGAM,0.78785676
MGAT1,1.6905681
MGAT3,0.53800666
MGAT4A,0.9689545
MGEA5,0.6402885
MGLL,0.9339299
MGST1,1.4597267
MGST2,0.557387
MGST3,1.2548827
MIAT,1.0831766
MICAL1,0.31161448
MID1IP1,1.7799531
MID2,0.9400838
MIDN,0.2903449
MIER1,0.8637082
MIF4GD,0.99825937
MINOS1,0.7133019
MINPP1,0.8522177
MIR155HG,1.0868621
MIR181A1HG,0.64123017
MIR22HG,1.0936389
MIR4435-2HG,1.2998791
MIS18BP1,0.8947471
MITF,0.6419882
MKI67,0.6957087
MKLN1,1.7001156
MKNK2,0.7450128
MKRN1,1.69231
MLC1,0.58931947
MLEC,0.8205323
MLF2,1.1697158
MLLT3,1.0340976
MLLT6,1.1490036
MLXIP,1.1170772
MMADHC,0.9401642
MMD,1.2867779
MMP11,0.8708269
MMP17,0.8189202
MMP23B,1.6063172
MMP24-AS1,1.2305229
MMS22L,1.3188192
MN1,1.0003011
MND1,0.9311651
MNDA,0.8743411
MNT,0.62570816
MOB1A,1.1122663
MOB1B,1.0128906
MOB3A,1.0194938
MORF4L1,1.2813156
MPC1,1.5358745
MPC2,0.7267807
MPEG1,1.4248176
MPHOSPH8,1.1071532
MPO,1.5869946
MPP1,1.1149955
MPP7,0.996183
MPRIP,1.1586232
MPST,1.5784457
MPZL1,0.7066593
MRC2,1.2376976
MRFAP1,0.107808284
MRPL10,1.1175464
MRPL11,1.1729336
MRPL12,0.9375339
MRPL20,0.83415353
MRPL21,0.8332879
MRPL27,1.1678619
MRPL37,1.3312179
MRPL51,0.7172765
MRPL52,0.9121424
MRPL54,0.6164786
MRPL57,0.9901892
MRPS15,1.5072936
MRPS21,1.7616361
MRPS34,0.79647255
MRPS36,1.509888
MRPS6,1.0399922
MRVI1-AS1,1.2986465
MS4A1,1.2944149
MS4A3,1.3705016
MS4A4A,0.8785727
MS4A6A,1.034765
MS4A7,0.62267303
MSI2,1.1740996
MSL2,0.64275056
MSN,0.6067401
MSR1,0.07830004
MSRB2,0.78202766
MT-ATP6,0.3621514
MT-CO1,0.70294523
MT-CO2,0.6479394
MT-CO3,1.1583928
MT-CYB,1.2666698
MT-ND1,1.2574085
MT-ND2,0.37007084
MT-ND3,1.3142413
MT-ND4,0.916211
MT-ND4L,1.3670089
MT-ND5,0.9841666
MT-ND6,0.9821268
MT1E,0.7254255
MT1G,0.3101199
MT1X,1.5145649
MT2A,1.0713919
MTCH1,0.6374487
MTCH2,1.3557765
MTCL1,0.6383393
MTDH,0.7933679
MTFR2,1.5046324
MTHFD1L,0.8923329
MTHFD2,0.87376153
MTHFR,0.3647119
MTMR11,0.5485917
MTMR14,1.5280398
MTMR3,1.3952198
MTMR6,1.4644831
MTMR9,1.335037
MTPN,1.1417868
MTRNR2L1,1.0897174
MTRNR2L10,0.9693364
MTRNR2L11,0.8372463
MTRNR2L12,1.2644136
MTRNR2L8,0.4316937
MTSS1,0.8317448
MTURN,1.3233335
MTUS1,1.4390297
MVD,1.8809552
MVP,1.2492777
MX1,1.6628096
MX2,1.2789426
MXD1,1.1872194
MXD4,0.6813046
MXI1,0.8018312
MYADM,1.0039428
MYB,0.99872124
MYBL1,0.9490327
MYBL2,1.154584
MYC,0.9497863
MYCBP2,0.8515468
MYCL,0.8270584
MYCN,0.53468674
MYCT1,1.3199972
MYD88,1.443706
MYDGF,1.4077064
MYEF2,1.4635003
MYEOV2,0.9320132
MYH9,0.9825225
MYL12A,1.4969937
MYL12B,1.6148547
MYL6,1.3930099
MYL6B,0.84375566
MYL9,1.093558
MYLIP,1.5099303
MYO18A,1.3321028
MYO1C,0.8341067
MYO1F,0.9977296
MYO1G,1.2682079
MYO5B,0.8801563
MYO7B,1.4133385
MYO9B,0.5860073
MYOF,0.94862014
MYOM2,1.2378728
MZB1,0.69362044
MZF1-AS1,1.1228217
MZT2A,1.094032
MZT2B,1.0247644
N4BP2L2,0.98681206
N6AMT1,1.3586618
NAA38,0.80058205
NAAA,1.1798111
NAB2,1.1953751
NACA,1.0544622
NACA2,1.3228308
NACC2,0.51109916
NADK,1.7320725
NAGA,1.2001524
NAGK,1.2099296
NAIP,1.4152955
NAMPT,0.5111556
NANS,0.91326785
NAP1L1,1.782778
NAP1L4,1.0931495
NAPA,1.2433176
NAPSA,1.083377
NASP,0.47922418
NAT8,0.4725675
NAV2,0.9967607
NBEAL1,1.5780042
NBEAL2,1.03206
NBL1,0.9454192
NCALD,0.9617199
NCAM1,0.7554346
NCAPD2,0.3910062
NCAPG,1.059016
NCAPG2,1.264151
NCAPH,1.1216092
NCBP3,1.021109
NCCRP1,1.3345479
NCDN,0.65053606
NCF1,1.6241205
NCF2,1.1842393
NCF4,1.7950152
NCK2,0.5831443
NCKAP1L,0.84051085
NCL,1.4394705
NCOA1,0.36242777
NCOA2,0.18961576
NCOA3,1.0054151
NCOA4,0.9044774
NCOA7,1.1935632
NCOR1,0.4097052
NCOR2,0.4803715
NCR3,0.6014361
NCSTN,0.7401577
NDC80,0.72576517
NDFIP1,1.210992
NDN,1.0957391
NDRG2,1.1817695
NDST3,0.9560462
NDUFA1,0.33398288
NDUFA10,0.9867318
NDUFA11,1.1793582
NDUFA12,0.7225241
NDUFA2,0.5652895
NDUFA3,1.0353874
NDUFA4,1.0150597
NDUFA6,0.6227875
NDUFA9,1.2546471
NDUFAB1,1.1623693
NDUFAF3,1.4512959
NDUFB1,0.913649
NDUFB10,1.0082798
NDUFB11,1.5956497
NDUFB2,1.4092033
NDUFB3,0.77961767
NDUFB4,1.5262854
NDUFB5,1.0811565
NDUFB6,0.5291716
NDUFB7,0.6401622
NDUFB8,0.4262334
NDUFB9,0.6449311
NDUFC2,1.0285761
NDUFS2,1.259904
NDUFS5,1.1397325
NDUFS6,0.82277614
NDUFS7,0.9356944
NDUFS8,1.2554517
NDUFV1,1.1546462
NDUFV2,1.4810488
NEAT1,1.6255054
NECAP2,1.3218635
NEDD8,1.4699923
NEFL,0.29191747
NEIL1,1.4348649
NEK10,0.9362653
NEK2,1.0878563
NEK6,1.1003448
NELFB,0.91919446
NELL2,0.5295572
NEMF,0.761449
NEURL1,1.072565
NEXN,1.1443084
NFAM1,0.689614
NFATC2,0.5460467
NFATC2IP,1.1545788
NFATC3,1.0957679
NFE2,1.0727072
NFE2L2,1.1142067
NFIA,0.57326204
NFIC,0.6591883
NFIL3,0.9641328
NFIX,0.94490457
NFKB1,1.2767107
NFKB2,0.7510558
NFKBIA,1.5853904
NFKBID,1.6194247
NFKBIE,0.80780506
NFKBIZ,1.3483182
NGFRAP1,0.91290796
NHLRC3,1.4177822
NHP2,1.1356754
NHSL2,1.3181716
NID1,1.3953477
NIN,1.5475241
NINJ1,0.86307794
NIPBL,0.5625272
NIPSNAP3A,1.1032284
NIPSNAP3B,0.5229231
NKAIN2,1.6348752
NKAIN3,0.7719116
NKG7,0.7870989
NKTR,1.2902985
NLGN3,1.0374628
NLRC5,0.9072253
NLRP3,1.1990438
NLRP7,0.9761568
NME1,0.90659827
NME4,1.0382901
NMI,1.3898162
NOD2,0.7845652
NOG,1.0305982
NONO,0.72038954
NOP10,0.6108179
NOP56,0.53481376
NOP58,1.0650584
NOSIP,0.7274199
NOTCH1,0.83293307
NOTCH2,1.4220119
NOV,0.5683681
NOXO1,1.5234787
NPC2,0.34104985
NPDC1,0.6444971
NPEPPS,1.1038811
NPL,1.1291159
NPM1,0.7335147
NPM3,1.2891073
NPR3,1.338597
NPTN,1.4638691
NPTX2,1.1596662
NQO2,1.1278439
NR1D1,0.61224747
NR3C1,1.0035998
NR4A1,0.530258
NR4A2,1.1117316
NR4A3,0.6066525
NRARP,1.316836
NRCAM,1.5915147
NREP,1.3012367
NRG1,0.7766252
NRGN,1.5573436
NRIP1,0.721934
NRIP3,1.3433362
NRP1,1.8406508
NRROS,0.7847989
NSA2,0.36280623
NSMCE1,1.7415386
NSMCE3,1.5025333
NSMF,1.0858706
NSRP1,0.3255401
NSUN7,0.7372577
NT5C,0.07830004
NT5C3A,0.9036298
NT5DC2,1.507613
NUAK1,0.49957147
NUAK2,0.9999107
NUB1,0.6438514
NUCB1,0.708417
NUCB2,0.48326263
NUCKS1,1.5405526
NUDCD2,1.5598415
NUDT1,1.0523721
NUDT16,1.9310113
NUDT21,0.8235896
NUDT3,0.5841071
NUDT5,1.506557
NUF2,0.4049382
NUFIP2,0.89152795
NUMB,0.72031975
NUP210,0.9682473
NUP214,1.2254634
NUPR2,1.1725919
NUSAP1,1.042551
NUTF2,0.66039854
NUTM2B-AS1,1.1235167
NXF3,0.8941465
NXPH4,1.4637094
NXT1,0.76621246
OAS1,1.4748524
OAS2,0.67312115
OAS3,0.7596692
OASL,1.1993062
OAZ1,0.8073265
OAZ2,0.767598
OCIAD1,1.1527184
OCIAD2,1.0966177
ODC1,0.8554431
ODF2L,0.6901646
ODF3B,1.2801663
OFD1,1.4351013
OGFR,1.4726791
OGFRL1,1.2806462
OGT,0.58494806
OLA1,0.9449269
OLFM1,0.7401028
OPN3,1.8317297
OPTN,0.6816152
OR1J1,1.0525687
ORAI2,1.4085009
ORC1,0.9063633
ORMDL1,0.9714814
OS9,0.8325984
OSBPL10,0.87516767
OSBPL10-AS1,1.2378376
OSBPL11,1.2333933
OSBPL1A,1.4902785
OSBPL8,1.3006614
OSCAR,1.2917303
OSM,0.8011515
OST4,0.96740663
OSTC,1.7011572
OSTF1,1.3189311
OSTN-AS1,0.7950277
OTOF,0.9180447
OTUB1,0.4338153
OTUB2,0.8545669
OTUD1,1.187795
OTUD6B-AS1,0.6594555
OTULIN,0.54226285
OVOS2,1.0602239
OXA1L,0.07830004
OXCT2,0.5628402
OXNAD1,1.4817897
OXR1,1.1578912
OXTR,1.0676899
P2RX1,0.72666174
P2RX2,1.6743636
P2RX5,0.65175253
P2RY1,0.91049755
P2RY13,0.8543347
P2RY2,1.363585
P2RY6,0.60499734
P2RY8,1.2469211
P4HB,1.0024401
PA2G4,0.48048574
PABPC1,1.050005
PABPC4,1.3260522
PABPN1,1.0992703
PACSIN2,1.3379813
PADI4,1.3075768
PAFAH1B2,0.77761227
PAG1,0.74872494
PAGE5,1.5731289
PAICS,1.0084841
PAIP2,0.7874068
PAK1,1.5117348
PAK2,0.64523876
PALD1,1.4776398
PAPOLA,1.3492837
PAPOLG,0.21340528
PAPSS2,0.6201584
PAQR3,0.31854236
PAQR4,1.8927364
PARK7,1.3591204
PARP1,1.0977708
PARP14,0.74965125
PARP4,1.4437512
PARP8,0.3351137
PARP9,1.377996
PARPBP,0.81853706
PARVB,0.7128001
PARVG,0.67010343
PASK,0.94831413
PATL2,0.58377373
PAX5,0.46684965
PBK,1.1117306
PBX2,0.24112028
PBX3,0.71646994
PBXIP1,0.72344404
PCAT18,1.392657
PCBD1,0.4573585
PCBP1,0.55505943
PCBP2,1.0486369
PCDH9,0.5671509
PCF11,1.8986684
PCGF5,0.7330728
PCM1,1.3162416
PCMT1,1.4597245
PCNA,1.0789155
PCNP,1.0058274
PCNT,1.3061014
PCNX,1.2517805
PCNXL3,0.8222997
PCNXL4,1.1510404
PCP2,1.519421
PCSK1N,1.4970059
PCSK7,0.72428495
PDCD1,0.88174415
PDCD2,0.076423176
PDCD4,0.6542814
PDCD5,0.82113034
PDCD6,1.5882956
PDCD6IP,0.7259578
PDE3B,1.2448539
PDE4A,0.7555646
PDE4B,1.4034511
PDE4D,0.06660853
PDE7A,0.94999605
PDE8A,0.8608934
PDIA3,0.6394654
PDIA4,1.1805979
PDIA6,0.6598389
PDK4,1.1944855
PDLIM1,1.1232775
PDLIM2,0.8940375
PDLIM5,0.7987466
PDLIM7,1.1143905
PDP1,0.9069863
PDPK1,1.0711936
PDXK,1.050057
PDZD8,0.48479977
PDZK1,0.9888807
PDZK1IP1,0.9138927
PEA15,0.99809563
PEBP1,1.0260351
PECAM1,1.2244921
PELI1,0.64025354
PEPD,1.1280391
PER1,1.5670763
PF4,0.3285601
PF4V1,1.0656542
PFDN2,2.1164682
PFDN5,0.91053045
PFKFB3,1.1678264
PFKL,0.768889
PFN1,1.306623
PGA5,1.6484247
PGAM1,0.47598505
PGAP1,1.470085
PGD,1.0739781
PGK1,0.4811933
PGLS,0.26139587
PGP,1.0978609
PGPEP1,0.90405107
PGRMC1,0.9040991
PHACTR1,0.6960299
PHACTR2,1.0070751
PHACTR4,0.9168571
PHB,0.9980256
PHB2,0.74161273
PHC2,1.0233883
PHF1,1.1622983
PHF11,1.2423613
PHF19,1.0896753
PHF20,1.0869051
PHF20L1,1.0773282
PHF3,0.8172605
PHIP,1.0176998
PHKB,1.7658435
PHLDA1,0.95905924
PHLDA2,1.5566949
PHPT1,1.4366808
PHTF1,1.146267
PHTF2,1.3028502
PI16,1.0505153
PIAS1,0.61376
PICALM,0.45006818
PID1,1.0144904
PIEZO1,1.1171671
PIFO,0.5731045
PIGT,0.92413443
PIK3AP1,1.4822475
PIK3CG,0.61955094
PIK3IP1,0.6736207
PIK3R1,1.1027133
PIKFYVE,0.3235755
PILRA,1.0492679
PIM1,1.4278954
PIM2,0.8971038
PIM3,1.654525
PIN1,0.8318215
PIP4K2A,1.4478586
PITPNA,1.4826472
PITPNC1,1.0314958
PITPNM1,1.2856299
PITPNM3,0.95606047
PJA2,1.0337396
PKIB,0.808493
PKIG,0.9756358
PKM,1.316582
PKMYT1,0.56576973
PKN1,1.7237405
PLA2G12A,1.33151
PLA2G16,0.3238977
PLA2G7,1.0583681
PLAC8,1.8401825
PLAGL2,1.0917258
PLAU,1.7506566
PLAUR,0.8730644
PLB1,1.101985
PLBD1,1.6822733
PLCB2,1.2222042
PLCB3,0.9105558
PLCXD1,1.1206912
PLD3,1.1614655
PLD4,0.6260886
PLEC,0.71011853
PLEK,0.40652126
PLEK2,1.4949691
PLEKHA1,0.9430386
PLEKHA2,0.6938794
PLEKHB2,0.9030168
PLEKHF1,0.27875662
PLEKHG2,0.7116187
PLEKHJ1,1.533313
PLEKHM2,0.35774925
PLEKHO1,0.6521848
PLEKHO2,1.0131224
PLIN2,0.7007985
PLIN3,0.8069683
PLK1,1.0010818
PLK2,0.8827109
PLK3,0.90853655
PLK4,1.4814652
PLOD2,0.74096984
PLP2,1.1544639
PLPP5,0.7620637
PLPP7,0.52074945
PLPPR2,1.0396216
PLSCR1,0.79085493
PLXDC2,0.9722412
PLXNA4,1.4443191
PLXNB2,0.753489
PLXNC1,1.6556733
PLXND1,0.5892988
PMAIP1,0.6314121
PMP22,0.515152
PMS1,1.0850692
PMVK,0.7993101
PNISR,1.0805244
PNLDC1,1.5853052
PNN,0.77019405
PNOC,0.35976827
PNP,0.59314686
PNPLA2,0.83770764
PNPLA8,0.8379009
PNRC1,0.67250866
POLE3,1.1825836
POLE4,1.13039
POLK,1.4532531
POLR1D,1.2674767
POLR1E,0.6707463
POLR2A,0.6520635
POLR2B,1.3415095
POLR2E,1.7653909
POLR2G,1.2145624
POLR2H,1.4595233
POLR2J,1.2552036
POLR2J3,1.0039767
POLR2L,1.029607
POLR3G,1.8307332
POMP,0.8483487
PON2,1.0531352
POU2AF1,0.72493297
POU2F2,1.0244097
POU3F1,0.9546932
PPA1,0.7137533
PPBP,0.71169645
PPDPF,0.47493258
PPHLN1,0.7787027
PPIA,0.8418167
PPIB,1.1253433
PPIF,1.7043808
PPIG,0.7992773
PPIP5K2,1.2274942
PPM1F,0.9038281
PPM1G,0.76900446
PPM1J,0.869198
PPM1K,0.551324
PPM1N,0.9968645
PPP1CA,1.2254455
PPP1CB,1.2937366
PPP1CC,0.8390047
PPP1R12A,1.1608773
PPP1R14A,0.8285893
PPP1R14B,1.665748
PPP1R15A,1.2794352
PPP1R16A,0.82406104
PPP1R17,0.9631119
PPP1R18,1.5973016
PPP1R2,1.2343521
PPP1R9B,1.7564749
PPP2CA,0.5935223
PPP2R1A,1.7491485
PPP2R5C,0.47426483
PPP2R5E,1.1231204
PPP3CA,1.2273486
PPP3R1,1.0337074
PPP4C,1.1492767
PPP4R2,1.1075629
PPP4R3A,0.6042419
PPP6R1,0.4511246
PPT1,0.5418189
PPY,0.36782008
PQBP1,1.1696683
PQLC3,1.0730741
PRAM1,0.8391624
PRCC,1.7534844
PRCP,0.7238681
PRDM1,1.4405696
PRDM2,1.5948246
PRDX1,1.1574157
PRDX2,0.9085245
PRDX3,0.5353378
PRDX4,0.6799639
PRDX5,0.91690123
PRDX6,1.2381696
PREB,1.301107
PRELID1,0.8517222
PREX1,0.8100752
PRF1,1.4428961
PRICKLE3,0.74598813
PRKACA,0.62641746
PRKACB,0.56860304
PRKAG2,1.1875491
PRKAR1A,0.9530849
PRKAR2B,0.7553917
PRKCA,0.8228172
PRKCB,0.74593484
PRKCD,1.3619386
PRKCDBP,0.8185753
PRKCH,0.5233351
PRKD3,1.0081592
PRKDC,1.4278846
PRKX,0.68742985
PRMT1,1.0888791
PRMT2,0.79351026
PRNP,0.9151097
PROC,0.8369082
PROK2,0.7203169
PROM2,0.8313389
PRPF38B,0.5039222
PRPF40A,0.8768607
PRPF4B,0.3469781
PRPF6,0.69393015
PRPF8,1.07303
PRR11,0.66391647
PRR13,1.657523
PRR14L,0.9155877
PRRC2A,1.1195127
PRRC2B,1.6524446
PRRC2C,0.9284283
PRSS1,1.5732348
PRSS21,0.86802536
PRSS23,1.5488147
PRSS45,0.7673201
PRSS57,1.8412544
PRTN3,1.9368101
PSAP,0.2776597
PSEN1,1.0176456
PSIP1,0.75575626
PSMA1,0.825019
PSMA3,0.9770724
PSMA3-AS1,1.2008291
PSMA4,0.52658516
PSMA5,0.40845492
PSMA7,1.5203032
PSMB1,1.4585477
PSMB2,0.6641607
PSMB3,0.8017979
PSMB4,1.3970094
PSMB6,1.5183772
PSMB7,0.91983885
PSMB8,0.87500215
PSMB9,0.7808231
PSMC1,0.878697
PSMC3,0.7693857
PSMC3IP,0.7573407
PSMC4,0.64704067
PSMC5,0.9222978
PSMD1,0.74393123
PSMD13,0.5058726
PSMD14,0.8850148
PSMD2,1.3144644
PSMD4,1.4259905
PSMD6,0.7743907
PSMD7,1.1047524
PSMD8,0.9000818
PSME1,0.89460313
PSME2,0.79928327
PSME4,1.2121317
PSMG2,1.014411
PSRC1,1.3882934
PSTPIP2,1.6848681
PTBP1,1.1508311
PTBP3,0.65437007
PTCD3,1.210001
PTCH2,0.95569396
PTCRA,1.1962408
PTEN,1.719454
PTGDR,1.5576112
PTGDS,1.5947201
PTGER2,0.9829938
PTGER3,0.76957387
PTGER4,0.96219915
PTGES,0.54499745
PTGES3,0.51271933
PTGFR,1.289566
PTGS1,1.290831
PTGS2,0.24539185
PTK2B,1.3288153
PTMA,0.51508385
PTMS,1.0666627
PTP4A1,0.86814696
PTP4A2,0.7056398
PTP4A3,1.3972436
PTPN1,0.81403077
PTPN12,0.6418239
PTPN18,1.0823921
PTPN2,1.2472273
PTPN4,0.07830004
PTPN6,1.8113898
PTPN7,0.8850864
PTPRC,1.7455419
PTPRE,1.3784858
PTPRJ,0.89565754
PTPRN,1.3907977
PTPRS,0.80772775
PTRHD1,0.8010783
PTTG1,0.8198681
PTTG1IP,0.5898309
PTX3,1.100368
PUM1,0.43682614
PURA,1.3395971
PURB,1.312948
PVRL3,0.5158265
PWP1,0.51572615
PXDN,1.534316
PXK,0.7503226
PXN,0.8477882
PYCARD,0.8821771
PYCR1,0.8283765
PYGL,1.068264
PYHIN1,0.5493283
PYURF,1.0155174
QARS,0.07830004
QKI,1.0459619
QPCT,0.8297641
QRICH1,1.2941041
QSOX1,0.6653981
R3HDM4,0.5262342
RAB10,1.1395129
RAB11A,0.5196088
RAB11FIP1,0.74768674
RAB13,1.3809642
RAB14,0.9166006
RAB1A,0.21136773
RAB20,1.0201013
RAB21,0.4933197
RAB25,0.9102014
RAB27A,1.4647409
RAB27B,1.1832402
RAB29,1.4845088
RAB2A,0.5636344
RAB30,0.817885
RAB31,1.2901074
RAB32,0.77670914
RAB34,1.221429
RAB37,1.02119
RAB38,1.4489152
RAB3D,0.68623304
RAB3GAP2,0.8528535
RAB4A,1.108239
RAB5A,0.81004643
RAB5C,1.3294115
RAB6B,1.1599267
RAB7A,0.6875922
RAB8A,1.3741161
RABAC1,0.96642244
RABGAP1L,1.4386698
RABGGTB,0.82570827
RAC1,1.2587584
RAC2,0.42893022
RACGAP1,1.4179254
RAD21,0.5694736
RAD23A,0.7301305
RAD51,0.8631607
RAD51AP1,0.68881476
RAF1,1.2971599
RAI14,1.5086882
RALA,0.7100212
RALB,1.1480361
RALBP1,1.4069362
RALGPS2,1.117369
RALY,1.2672479
RAMP2,1.6278639
RAN,0.7168453
RANBP1,1.4448913
RANBP2,0.29742807
RAP1A,1.1677732
RAP1B,1.1274902
RAP1GAP,1.8659818
RAP1GAP2,1.0684289
RAP2B,1.0842222
RAPGEF1,0.79898345
RAPH1,0.3672292
RARA,1.4674213
RARRES3,1.341105
RASA2,1.6509364
RASA3,0.62498903
RASAL3,0.70558536
RASD1,1.3114884
RASGEF1B,0.9758888
RASGRP1,0.9133163
RASGRP2,0.68752974
RASGRP4,1.2871763
RASL11A,0.91544986
RASSF1,1.1421648
RASSF2,1.1326456
RASSF4,0.9311504
RASSF5,0.14730528
RASSF6,1.0846819
RB1,0.7524897
RB1CC1,1.5298415
RBAK,0.56161386
RBBP4,1.000649
RBBP6,0.814209
RBBP7,1.2762837
RBCK1,1.0617963
RBL2,0.68507177
RBM17,0.4727805
RBM23,1.1348492
RBM24,0.77601796
RBM25,0.63307744
RBM26,1.534576
RBM3,0.07830004
RBM38,1.093208
RBM39,1.0857501
RBM41,0.5413382
RBM47,1.1215479
RBM5,1.1194283
RBM6,0.5744713
RBM8A,0.9099341
RBMS1,1.3390497
RBMX,0.81557
RBP7,0.6014216
RBPJ,1.0901936
RBX1,1.3564583
RCAN3,1.2422259
RCBTB2,1.3990867
RCC2,0.6786232
RCOR1,1.7853452
RCSD1,1.357215
RDH11,0.60023683
REC114,1.404741
REC8,1.1648115
RECK,1.0818679
RECQL,1.2793409
REEP5,1.057892
REG4,1.3683952
REL,1.0095655
RELB,1.0227618
RELT,0.9795386
RENBP,1.1732296
REPIN1,1.4145222
REPS2,0.37623572
RER1,1.1832438
REST,1.3680484
RETN,0.74726534
RFC4,1.2193358
RGAG4,1.0005246
RGCC,0.7342375
RGL1,0.7507085
RGS1,0.62184256
RGS10,1.0321008
RGS12,1.6107302
RGS16,1.3921908
RGS18,0.80846757
RGS19,0.7181799
RGS2,1.5194297
RGS3,1.5023746
RHBDL1,1.15148
RHEB,0.7802799
RHOA,1.3649132
RHOB,0.9256528
RHOC,0.7300639
RHOF,0.43022507
RHOG,0.71778333
RHOH,0.5285287
RHOQ,0.8996619
RHOU,1.1760387
RIC1,0.9381696
RIC3,1.0253106
RICTOR,0.23658614
RIF1,0.97289604
RILPL2,0.9879693
RIN2,0.94746023
RIN3,0.914079
RIOK3,0.73270476
RIPK2,0.76991904
RMI2,0.63574016
RNASE1,1.1915331
RNASE2,1.1068499
RNASE6,0.73407876
RNASEH2A,1.1570126
RNASEH2B,0.7833842
RNASEH2B-AS1,1.1107873
RNASEH2C,1.1087341
RNASET2,1.1327847
RNF11,1.2715045
RNF114,0.93261373
RNF115,1.1445204
RNF125,1.3903283
RNF126,1.0536159
RNF13,0.9071391
RNF130,0.717616
RNF135,0.52028555
RNF141,0.7004916
RNF144B,1.4467107
RNF145,0.48961937
RNF149,0.9319806
RNF166,0.2564725
RNF181,1.1224896
RNF19A,1.181565
RNF19B,0.78995275
RNF207,0.64314705
RNF213,0.8767463
RNF24,1.4184778
RNF32,1.0179561
RNF7,1.1409495
RNH1,0.10545575
RNMT,0.7873431
RNPEP,0.65051955
RNPEPL1,0.5638097
RNPS1,0.51220787
RNU11,0.9699486
RNU12,0.94965905
ROCK1,1.6297648
ROGDI,0.5362318
ROMO1,0.71959203
RORA,0.7371256
RP1-122P22.4,1.4174246
RP1-153P14.5,1.6251671
RP1-221C16.8,1.2674453
RP1-261G23.7,1.1707095
RP1-293L8.2,0.9803774
RP1-313I6.12,1.5636585
RP1-90J20.8,1.3947089
RP11-1008C21.1,1.1081885
RP11-104N10.1,1.0846045
RP11-1055B8.9,1.1640258
RP11-1070N10.3,1.097005
RP11-1084E5.1,0.41650075
RP11-109E10.1,0.6547648
RP11-109N23.4,0.71631175
RP11-1102P16.1,1.1971893
RP11-1143G9.4,1.3581616
RP11-1148L6.9,1.2490867
RP11-117D22.2,1.1591829
RP11-11N9.4,1.6653303
RP11-126O1.5,1.1947414
RP11-1275H24.1,1.7048156
RP11-1277A3.1,0.81123745
RP11-127B20.3,1.7261994
RP11-127L20.5,1.0510731
RP11-129M6.1,0.81517845
RP11-131L12.3,1.3570716
RP11-131L23.1,1.0704637
RP11-135A1.2,0.8184534
RP11-1379J22.5,1.4369507
RP11-138A9.1,1.4504114
RP11-138A9.2,1.6651787
RP11-138I18.2,1.1784903
RP11-1399P15.1,1.180986
RP11-13A1.1,1.1424586
RP11-148O21.2,0.74888706
RP11-151A6.6,1.3075209
RP11-154H23.4,0.505563
RP11-159F24.5,1.6935204
RP11-160E2.11,0.6956991
RP11-160E2.6,0.6960747
RP11-160N1.10,1.6317064
RP11-161M6.2,0.62440306
RP11-16B13.1,0.4469142
RP11-16N11.2,1.127094
RP11-171I2.2,1.2207822
RP11-181B11.2,0.4977268
RP11-185E8.1,0.4356597
RP11-18H21.1,1.5071121
RP11-18H7.1,1.457726
RP11-195L15.2,1.1499919
RP11-197K3.1,0.7765747
RP11-20I23.6,0.7530142
RP11-211N8.2,0.90650713
RP11-21B21.4,0.8225593
RP11-221J22.1,0.977077
RP11-222K16.2,0.9999966
RP11-231I16.1,1.2401876
RP11-23P13.6,0.27104217
RP11-243J18.2,1.1102895
RP11-244M2.1,0.07830004
RP11-279O9.4,1.8484664
RP11-281A20.2,1.6691269
RP11-282O18.7,1.4935662
RP11-285A1.1,0.6341965
RP11-291B21.2,0.75109804
RP11-296K13.4,1.2758405
RP11-297B17.3,1.0019761
RP11-29B2.6,0.40496278
RP11-2C24.7,0.74583507
RP11-302B13.5,0.07830004
RP11-308N19.1,0.43495646
RP11-316M1.12,1.5227225
RP11-324C10.1,0.92587626
RP11-327F22.1,1.1500329
RP11-332H14.1,0.7533505
RP11-339B21.13,1.1704812
RP11-341N2.1,0.8617388
RP11-343H5.6,1.5453256
RP11-347P5.1,1.3779876
RP11-348N5.7,1.3750726
RP11-350J20.12,1.1230766
RP11-351I21.11,1.5152646
RP11-351I24.1,0.83809555
RP11-354E11.2,0.98385006
RP11-356I2.4,0.97495687
RP11-356J5.12,1.2525327
RP11-356O9.2,1.1046422
RP11-362F19.1,1.2209456
RP11-362K14.6,1.7259341
RP11-367G6.3,0.5518888
RP11-379F12.3,1.1693147
RP11-386I14.4,1.2867967
RP11-387H17.4,0.71565235
RP11-38M8.1,0.5102899
RP11-390P2.4,1.634115
RP11-390P24.1,1.1740134
RP11-392O17.2,0.9065703
RP11-392P7.6,1.0896196
RP11-396C23.2,0.61048853
RP11-403A21.1,1.7994931
RP11-408O19.5,1.2216239
RP11-416N2.4,0.81971765
RP11-424N24.2,0.7554819
RP11-426C22.5,1.3152521
RP11-431N15.2,1.0245574
RP11-432J22.2,1.1357502
RP11-433J20.1,1.2856705
RP11-43D2.2,2.0484293
RP11-445F6.2,1.1975394
RP11-44N11.3,0.85635984
RP11-452H21.4,1.056292
RP11-455F5.3,1.316104
RP11-464F9.20,1.3726542
RP11-466P24.6,0.4857863
RP11-476B1.1,1.0335774
RP11-47A8.5,0.69375664
RP11-47P18.2,0.6948343
RP11-489E7.4,0.422614
RP11-490M8.1,0.9678314
RP11-493L12.7,1.6051639
RP11-501J20.5,1.0925761
RP11-502I4.3,1.3479162
RP11-503E24.2,1.5104115
RP11-506H20.1,0.792856
RP11-517I3.1,1.7082266
RP11-51J9.5,0.53743416
RP11-529E10.7,0.5742488
RP11-532M24.1,1.2201762
RP11-542M13.3,0.95302033
RP11-545E17.3,1.0424968
RP11-545I5.3,1.4826862
RP11-54O7.17,1.5266844
RP11-553L6.5,0.7794578
RP11-556I14.2,0.9745938
RP11-557C18.4,0.6592239
RP11-567C2.1,1.366869
RP11-575F12.2,1.4597929
RP11-57H14.2,1.0688794
RP11-584P21.2,1.1161433
RP11-588G21.2,1.3512986
RP11-597D13.9,0.82455415
RP11-620J15.3,0.82971233
RP11-649E7.5,1.2701675
RP11-664D1.1,1.0794569
RP11-669C19.1,1.272176
RP11-672A2.4,1.1054779
RP11-676J12.9,1.7628558
RP11-676J15.1,0.45292827
RP11-693J15.5,1.3560833
RP11-693J15.6,1.6277962
RP11-697E22.2,1.373236
RP11-69L16.4,1.1154097
RP11-6O2.3,0.9114446
RP11-70C1.1,0.45482293
RP11-710F7.3,0.6907528
RP11-727F15.9,0.7817262
RP11-728F11.4,0.8042144
RP11-731F5.2,1.0211419
RP11-732A19.9,1.3277149
RP11-73G16.2,1.0904914
RP11-76E17.3,0.84063786
RP11-775C24.5,1.2552961
RP11-77H9.8,1.4533271
RP11-783K16.13,1.3735806
RP11-783K16.5,0.7566796
RP11-793H13.10,0.87970805
RP11-796E2.4,0.8602398
RP11-798K3.2,0.6564077
RP11-802O23.3,0.8404635
RP11-809N8.4,1.1434617
RP11-80H18.3,0.5302221
RP11-814H16.2,1.1987004
RP11-823E8.3,0.85479337
RP11-839D17.3,1.3965524
RP11-863P13.1,1.0742416
RP11-867G23.12,0.6309214
RP11-879F14.2,0.8645457
RP11-885N19.6,1.1586668
RP11-895M11.3,1.0560045
RP11-902B17.1,0.6687467
RP11-930P14.1,0.5391687
RP11-944C7.1,0.4353334
RP11-94B19.3,0.50191516
RP11-96B2.1,0.5538173
RP11-989E6.10,1.0410804
RP13-578N3.3,1.4674426
RP13-582O9.7,1.1827312
RP13-766D20.2,0.5121041
RP2,1.6335595
RP3-333B15.5,1.1894109
RP3-339A18.6,1.1793654
RP3-382I10.7,1.2771806
RP3-400B16.4,1.3196905
RP3-441A12.1,1.3366706
RP4-549L20.3,0.7415191
RP4-594I10.3,1.1603166
RP4-639F20.1,0.79019356
RP4-665J23.1,0.5453089
RP4-734G22.3,1.0552825
RP4-737E23.2,1.0467769
RP4-745E8.2,0.7444017
RP4-799D16.1,0.91852146
RP5-1028K7.2,1.0884075
RP5-1074L1.4,1.5769098
RP5-1115A15.1,0.94111407
RP5-1142A6.10,0.7102699
RP5-1142A6.2,0.9884058
RP5-1171I10.5,1.2980411
RP5-1186N24.3,1.4598632
RP5-887A10.1,0.8341045
RP5-899B16.1,1.2540326
RP5-899E9.1,1.0282559
RP5-903G2.2,0.5384976
RP5-940J5.9,1.1535373
RP5-991G20.1,0.9670782
RP6-109B7.4,0.9034991
RP6-159A1.4,0.39400533
RPA1,0.7831325
RPA2,0.45846224
RPA3,1.0732883
RPGR,1.4426347
RPH3A,1.410596
RPL10,1.153308
RPL10A,0.92742443
RPL11,0.8784299
RPL12,1.1268008
RPL13,0.6828612
RPL13A,1.4295225
RPL14,1.0796344
RPL15,0.8835852
RPL18,1.4126899
RPL18A,0.8887189
RPL19,1.0866765
RPL21,0.9918521
RPL22,0.95024157
RPL22L1,1.594689
RPL23,0.45048442
RPL23A,1.6855764
RPL24,0.8581839
RPL26,1.6100446
RPL27,1.1715131
RPL27A,1.4677722
RPL28,1.1651455
RPL29,1.169272
RPL3,1.4946191
RPL30,0.7619299
RPL31,0.45237115
RPL32,0.48505965
RPL34,0.5350781
RPL35,1.0123585
RPL35A,0.95256793
RPL36,1.4848819
RPL36A,0.81473
RPL36AL,1.4297942
RPL37,1.1152418
RPL37A,1.0252955
RPL38,1.1870149
RPL39,1.3379723
RPL4,0.8188736
RPL41,0.6448319
RPL5,0.7107354
RPL6,1.3826752
RPL7,2.1059914
RPL7A,1.0452143
RPL8,0.15800898
RPL9,1.0951532
RPLP0,1.4854803
RPLP1,1.0132896
RPLP2,0.7518399
RPN1,0.7594405
RPN2,0.31368035
RPPH1,1.5178096
RPS10,1.2022824
RPS11,1.3884814
RPS12,0.8568246
RPS13,0.59650576
RPS14,0.46855515
RPS15,0.52519834
RPS15A,0.9358446
RPS16,0.93202525
RPS17,1.2694796
RPS18,0.76833963
RPS19,0.78485566
RPS2,1.4316597
RPS20,0.89482063
RPS21,1.848307
RPS23,1.2504231
RPS24,0.8940554
RPS25,1.2382047
RPS26,1.4036793
RPS27,0.07830004
RPS27A,1.2498972
RPS27L,1.2291977
RPS28,0.23668697
RPS29,0.5099878
RPS3,1.4914043
RPS3A,0.905535
RPS4X,1.082903
RPS4Y1,1.4508325
RPS5,1.1176208
RPS6,1.8401222
RPS6KA1,0.88621527
RPS6KA3,0.50904024
RPS6KA4,0.81943756
RPS6KA5,1.3133769
RPS7,1.417793
RPS8,0.79412663
RPS9,0.7374124
RPSA,1.2094768
RRAGD,0.7461474
RRAS,1.1512091
RRBP1,0.22623369
RREB1,1.6086923
RRM1,0.4623316
RRM2,1.1925004
RRP36,1.2783191
RSAD2,0.811379
RSF1,0.81978625
RSL1D1,0.8194519
RSL24D1,0.71465045
RSPH14,1.5908923
RSPRY1,1.6806382
RSRC2,1.4434011
RSRP1,1.4323163
RSU1,0.6705579
RTF1,1.2858428
RTFDC1,0.74542177
RTKN2,0.82460886
RTN1,1.2505698
RTN3,1.5556391
RTN4,0.675677
RUFY1,1.3289983
RUFY3,1.1693958
RUNX1,1.1297448
RUNX2,0.67619103
RUNX3,1.1675818
RUVBL1,1.0366132
RWDD1,0.69858515
RWDD3,1.2635717
RXRA,0.5639102
RYBP,1.1052623
S100A10,1.8894941
S100A11,0.68013126
S100A12,0.50603735
S100A4,0.8034282
S100A6,1.158644
S100A8,1.1465732
S100A9,0.43404892
S100B,1.3832358
S100Z,0.84527075
S1PR3,0.7743024
S1PR4,1.3076856
S1PR5,1.3480778
SAE1,1.1920726
SAFB,0.6711886
SAMD3,1.0503796
SAMD4A,0.82367605
SAMD8,1.7818468
SAMD9,0.4403303
SAMHD1,1.0016687
SAMM50,1.5445029
SAMSN1,0.94247055
SAP18,1.7405838
SAP30,1.3506569
SAPCD2,1.827597
SAR1A,0.6267457
SARAF,0.7551704
SASH1,0.9872411
SASH3,1.2680843
SASS6,1.1656476
SAT1,1.0956798
SATB1,1.0810994
SAXO1,1.0512261
SBDS,1.592268
SBF2,0.71385753
SBNO1,1.5282725
SCAF11,0.7968518
SCAMP4,0.43537828
SCAMP5,1.0481604
SCAND1,0.07830004
SCARB2,0.5017243
SCARF1,1.2472274
SCFD1,0.9047955
SCGB3A1,0.63714635
SCIMP,1.5080055
SCLT1,0.7360843
SCML1,1.0984969
SCML4,1.3604584
SCN1B,0.72777504
SCN4B,0.96594334
SCN9A,1.0136977
SCO2,0.35336268
SCOC-AS1,1.3344765
SCP2,1.1805345
SCPEP1,0.9782123
SCRN1,0.33212733
SCT,0.709827
SDC2,0.7311257
SDC3,1.139145
SDCBP,0.20746554
SDF2L1,1.174834
SDHA,1.7033476
SDHB,0.696388
SDHC,1.6338313
SDHD,0.7679202
SDPR,1.403753
SDSL,1.1068342
SEC11A,0.9179695
SEC11C,1.1221287
SEC14L1,1.0148997
SEC16A,1.1999619
SEC24B-AS1,1.2309666
SEC31A,0.6179872
SEC61A1,0.4119618
SEC61B,1.4159328
SEC61G,1.3090506
SEC62,1.6155002
SEC63,1.2138984
SECISBP2,1.153563
SECTM1,1.1486285
SEL1L3,0.72982
SELK,0.62800205
SELL,1.2555596
SELPLG,0.92019176
SELT,0.85820776
SEMA4A,0.3706525
SEMA4B,1.2986553
SEMA4D,0.26873302
SEMA6B,1.2572256
SEMA7A,0.43495217
SENCR,1.1374601
SENP6,1.6973989
SEP15,1.0755512
SEPT1,0.94296557
SEPT10,1.2811584
SEPT11,0.58011514
SEPT2,0.8709161
SEPT4-AS1,0.5693842
SEPT6,1.2070328
SEPT7,0.9750125
SEPT9,1.3737907
SEPW1,1.1719258
SERBP1,1.298441
SERF2,0.8871755
SERINC1,0.631696
SERINC3,1.4925792
SERINC5,1.1942755
SERP1,1.3574413
SERPINA1,0.672362
SERPINB1,0.6707377
SERPINB10,0.875204
SERPINB2,1.2310756
SERPINB6,0.71641624
SERPINB9,0.26406628
SERPINF1,1.2385802
SERPINF2,0.6696527
SERPING1,1.365085
SERTAD2,1.8382471
SERTAD3,1.3817537
SESN3,0.6720304
SESTD1,1.4614626
SET,1.1537681
SETD1B,1.1585798
SETD5,1.3497866
SETX,0.46904323
SF1,0.6677376
SF3A3,0.12674227
SF3B1,1.0387125
SF3B2,1.741587
SF3B3,1.1790011
SF3B5,1.1153481
SF3B6,1.4889299
SFPQ,1.0475054
SFRP5,0.6814128
SFT2D1,1.391509
SFT2D2,1.0434245
SFXN1,1.0906125
SGK1,1.5091367
SGMS1,0.97638
SGOL2,0.59423566
SGPP1,0.91361225
SGTB,1.4758561
SH2B2,0.5234974
SH2B3,1.251583
SH2D1A,1.2752749
SH2D1B,1.0867804
SH2D2A,1.4457291
SH3BGRL,1.2980343
SH3BGRL3,0.5239841
SH3BP1,0.5753388
SH3BP2,0.8722646
SH3BP5,1.5471274
SH3GL3,0.65931785
SH3GLB1,1.29758
SH3GLB2,0.7605543
SH3KBP1,1.304276
SH3PXD2B,1.1621988
SH3YL1,0.48721227
SHCBP1,1.2996119
SHD,0.9631181
SHFM1,0.26832938
SHISA5,1.275184
SHISA8,1.1863551
SHKBP1,0.9132955
SHMT2,1.7122617
SHPRH,1.7367395
SHTN1,1.1905217
SIDT2,0.8270648
SIGIRR,0.756037
SIGLEC1,1.4366635
SIGLEC10,0.9669756
SIGLEC6,0.56219673
SIK3,0.4431437
SIN3A,0.4258731
SIPA1,1.0865707
SIPA1L1,1.1748176
SIRPA,1.1160777
SIRPB1,0.07830004
SIRPG,0.48250824
SIRPG-AS1,1.2076755
SIT1,1.1294751
SIVA1,0.9640747
SKA1,1.233668
SKA2,1.4581779
SKA3,1.5525203
SKAP1,0.7354874
SKAP2,1.1529732
SKI,1.1666096
SKIL,0.9176009
SKP1,0.39938313
SLA,1.0624186
SLA2,1.6629896
SLBP,0.9593661
SLC10A1,1.2166712
SLC11A1,1.2635431
SLC12A6,1.7387931
SLC12A9,0.6612141
SLC13A4,0.8999769
SLC15A3,0.5878676
SLC15A4,1.3748847
SLC16A3,0.99683374
SLC16A6,0.44261593
SLC17A3,0.9567396
SLC1A5,0.8348722
SLC20A1,0.99672747
SLC22A1,1.5316589
SLC22A4,1.2731107
SLC24A4,1.5646335
SLC25A11,1.0142163
SLC25A3,0.33177617
SLC25A36,0.82733124
SLC25A37,1.3009224
SLC25A5,0.5335462
SLC25A6,1.1138343
SLC26A5,0.6753944
SLC27A2,0.9555224
SLC2A3,1.4989481
SLC2A4RG,0.46571872
SLC2A6,1.3685437
SLC30A1,0.9662919
SLC31A2,1.1099706
SLC35E1,1.2528659
SLC35F3,0.83006334
SLC38A1,0.59451073
SLC38A11,0.9411303
SLC38A2,1.1092743
SLC39A3,1.4269052
SLC39A8,0.59138304
SLC3A2,0.8369528
SLC40A1,0.4962466
SLC43A2,0.7652025
SLC44A1,1.2015837
SLC44A3,1.0886654
SLC45A3,0.7431112
SLC46A2,0.91605496
SLC4A10,0.68436664
SLC4A3,0.58761173
SLC4A7,0.5317844
SLC5A11,1.1904904
SLC6A6,0.7573143
SLC7A5,0.9982897
SLC7A7,1.4064752
SLC8A1,0.63628316
SLC9A3R1,1.2512372
SLCO3A1,0.63179827
SLCO4A1,1.0393554
SLIRP,1.0072851
SLK,1.23906
SLTM,0.76693726
SLU7,1.1411157
SMAD7,0.4787005
SMAP2,1.0020965
SMARCA2,1.0941927
SMARCA4,0.68978643
SMARCA5,0.8535619
SMARCB1,1.140078
SMARCC1,1.8257531
SMARCD3,0.64219666
SMARCE1,1.7916765
SMC1A,0.79813576
SMC2,1.0807287
SMC3,0.37181234
SMC4,1.1982552
SMC6,0.6917613
SMCHD1,1.0587633
SMCO4,0.6597773
SMDT1,0.8088877
SMG1,0.7814547
SMIM10,0.85987246
SMIM14,1.0980521
SMIM24,1.6480304
SMIM3,0.5781069
SMIM7,1.1082612
SMOX,0.8818391
SMPD3,1.2184757
SMPDL3A,1.6830779
SMS,1.6806297
SMU1,0.6259114
SNAI1,0.85601884
SNAP23,1.0885731
SNAP29,0.90368605
SNAPC2,1.3376023
SNCA,0.8896241
SND1,0.29823554
SNHG15,1.7143272
SNHG7,0.80145824
SNHG8,1.1197102
SNN,0.6146183
SNRK,1.0451897
SNRNP200,1.2206134
SNRNP25,0.7461072
SNRNP40,1.278649
SNRNP70,0.807435
SNRPA,1.532116
SNRPA1,1.3641304
SNRPB,1.4306693
SNRPB2,1.7302415
SNRPC,1.0629783
SNRPD1,1.3961053
SNRPD2,1.164668
SNRPD3,0.72193253
SNRPE,0.8823485
SNRPF,0.36611673
SNRPG,1.6171942
SNTB1,1.057634
SNU13,0.5031176
SNW1,0.9824558
SNX10,0.79967
SNX13,0.5966554
SNX17,0.76744974
SNX18,0.88660944
SNX2,1.08557
SNX20,0.5497076
SNX27,1.039314
SNX3,1.0269706
SNX30,1.059653
SNX5,0.8605473
SNX6,0.93440694
SNX9,0.9411748
SOCS2,1.3891582
SOCS3,1.043602
SOD1,0.29651788
SOD2,1.0532562
SON,1.35245
SORBS1,1.0771631
SORL1,1.2503248
SORT1,0.82010555
SOX4,0.96572447
SOX5,0.7204896
SP1,1.656787
SP100,1.3094851
SP110,1.0384544
SP140L,1.2332824
SP3,1.2549227
SPACA7,0.49229485
SPAG17,0.9273155
SPAG5,1.3268412
SPARC,1.1363732
SPATA3,1.3368956
SPC24,0.7651622
SPC25,1.2038106
SPCS1,1.3671497
SPCS2,1.4894971
SPCS3,1.151567
SPDL1,0.5288462
SPECC1,1.3575225
SPEN,0.49482742
SPG11,1.3041375
SPG21,0.92375284
SPG7,0.9483745
SPHK1,0.93037933
SPI1,0.9645398
SPIB,0.40282774
SPINK2,0.7069347
SPINT2,0.6600124
SPN,0.746734
SPNS1,0.6633255
SPOCK2,1.1068193
SPON2,0.5161518
SPPL3,1.3582084
SPRED2,0.47492528
SPRY1,0.6156481
SPRY2,0.74823284
SPTAN1,0.35160556
SPTBN1,0.7184335
SPTLC2,0.67855656
SPX,1.1211746
SQRDL,1.364279
SQSTM1,0.9588617
SRA1,0.90158874
SRC,1.0611149
SREK1,1.4293073
SRGAP2,1.8490965
SRGAP2C,1.2356855
SRGN,1.051279
SRI,1.0769308
SRM,1.3611454
SRP14,0.9792781
SRP72,0.45794082
SRP9,0.7531924
SRPK2,1.029614
SRPX,0.80388564
SRRM1,1.329927
SRRM2,1.5824018
SRRT,0.84125435
SRSF10,1.0552442
SRSF11,1.0835003
SRSF2,1.4802246
SRSF3,0.92493564
SRSF4,0.6935518
SRSF5,1.1573159
SRSF6,0.91678554
SRSF7,2.1381211
SRSF9,0.8024124
SSB,0.7742874
SSBP1,1.2142922
SSBP3,0.47442007
SSBP4,1.2687387
SSH2,0.88692427
SSNA1,1.2079906
SSPN,1.1529495
SSR1,0.8399071
SSR2,0.8218301
SSR3,1.0372627
SSR4,1.3837024
SSRP1,1.2737856
SSU72,1.2001394
ST13,0.8238669
ST14,1.036341
ST3GAL5,0.88028765
ST3GAL6,0.7090784
ST8SIA4,0.93073475
STAB1,1.4441206
STAG2,0.8361633
STAG3,0.5382961
STAP1,0.9927323
STARD4,1.2416651
STAT1,0.90971816
STAT2,0.6357603
STAT3,0.7010126
STAT4,1.3843259
STAT6,0.64562076
STEAP3-AS1,0.4818093
STK10,0.07830004
STK17A,0.50183773
STK17B,1.3833592
STK24,1.4991145
STK4,0.7814528
STMN1,0.6494789
STMN3,0.94898397
STOM,0.5206064
STOML2,0.66484594
STON1,0.9003875
STON2,1.6650139
STRA13,0.98090816
STRBP,1.5527538
STRN3,0.520292
STT3B,1.0125983
STX10,1.4503392
STX11,1.0722862
STX12,0.7580282
STX16,0.80469334
STX7,0.83325917
STXBP2,1.368824
STXBP6,0.7921419
SUB1,0.8305586
SUCLG1,1.0678736
SUCLG2,1.6406972
SUDS3,0.7631848
SUGCT,1.4077611
SULF2,0.86882263
SULT1A1,0.79649734
SUMF2,0.645765
SUMO1,1.0563223
SUMO2,0.89974535
SUMO3,0.68061537
SUN2,0.40158382
SUPT16H,1.1247511
SUPT4H1,0.8114646
SURF4,0.9573864
SUSD1,1.4403344
SUSD3,1.6499654
SUSD6,1.5198389
SUZ12,0.9537999
SVIP,1.1794667
SWAP70,1.5262902
SYAP1,0.8789605
SYCE3,0.47521544
SYF2,0.486262
SYK,1.0427802
SYN1,1.2132342
SYNCRIP,0.90331817
SYNE1,1.446575
SYNE2,0.61507505
SYNE3,1.0457759
SYNGR1,0.8426857
SYNGR2,1.3020663
SYNM,0.8195492
SYPL1,1.6351277
SYT1,1.0269132
SYT17,0.53743464
SYTL1,1.8585362
SYTL2,1.0992849
SYTL3,1.5892525
TAB2,1.1290925
TACC1,0.41426563
TACC3,1.0234711
TACSTD2,0.70180845
TADA3,0.81039065
TAF10,1.2685345
TAF1D,0.51742935
TAF4B,0.9110182
TAF7,0.9894866
TAF9,0.44937605
TAGAP,1.0418617
TAGLN,1.1499697
TAGLN2,1.3348391
TAL1,1.2587774
TALDO1,1.0848259
TANK,1.355318
TAOK3,0.41849685
TAP1,0.56325305
TAP2,0.68140596
TAPBP,0.64758575
TAX1BP1,1.5958991
TBC1D1,0.7367066
TBC1D10C,0.9413576
TBC1D4,1.6723888
TBC1D8,1.5503479
TBC1D9,0.92195576
TBCA,0.9062643
TBCB,0.9240232
TBL1X,1.291528
TBX1,1.0188928
TBX21,0.31335935
TBXA2R,0.91477454
TBXAS1,1.4209515
TCAF1,0.6713896
TCEA1,0.76284546
TCEAL2,1.1140101
TCEAL4,0.656745
TCEB2,1.3971201
TCF25,1.1703944
TCF3,0.76417166
TCF4,1.1273845
TCF7,0.51922226
TCF7L2,1.2359121
TCHH,0.8248455
TCIRG1,0.7297627
TCL1A,1.2346332
TCOF1,0.57917947
TCP1,0.5701583
TCP11L2,1.1559141
TCTE1,1.7428112
TECR,0.9794859
TERF2IP,1.8009378
TES,0.76149637
TESC,1.3383902
TESPA1,0.67869395
TET2,1.0789067
TET3,1.627545
TEX9,1.9460062
TFAP4,1.1208464
TFCP2L1,0.8425838
TFDP1,0.8741049
TFDP2,0.81121457
TFEB,0.84315646
TFPI,1.3159461
TFRC,1.7486541
TGFB1,1.2890322
TGFBI,1.4977963
TGFBR2,0.604635
TGFBR3,0.8038488
TGOLN2,1.0087394
THBD,0.90192163
THBS1,1.1639522
THEMIS2,1.3771559
THOC2,0.4423816
THOC6,0.91218245
THOC7,1.2983154
THRAP3,1.1569098
THUMPD3-AS1,0.97739184
TIAL1,1.1231209
TIAM1,0.9554848
TIFA,0.6881997
TIGIT,1.1873779
TIMD4,1.2897911
TIMM10,0.6150746
TIMM13,1.0717275
TIMM8B,0.50898445
TIMP1,1.0865829
TIMP2,1.1582427
TIPARP,0.9502147
TIPIN,0.51399255
TIPRL,1.0750222
TK1,0.8566375
TKT,0.8450635
TKTL1,0.6203474
TLE1,0.59012467
TLE3,2.030551
TLE4,1.1159724
TLK1,1.2991713
TLN1,1.1678604
TLR1,0.5828154
TLR2,0.93930393
TLR4,0.9151151
TM6SF1,1.2712675
TM9SF2,1.3023536
TM9SF3,0.80650914
TMA7,1.3091774
TMBIM6,0.80550706
TMC6,0.5228937
TMCO1,0.8616089
TMED10,0.70022595
TMED2,1.4895388
TMED4,1.1397003
TMED5,0.6258044
TMED9,0.801613
TMEM106C,1.253158
TMEM107,1.1241447
TMEM109,0.93696165
TMEM123,0.5099806
TMEM132A,1.1001481
TMEM140,1.3381166
TMEM141,1.6030031
TMEM14B,0.7583035
TMEM14C,1.0969759
TMEM156,1.0254303
TMEM158,0.62915266
TMEM165,1.6859537
TMEM167A,1.2676641
TMEM170A,0.70291334
TMEM170B,0.85524255
TMEM173,1.0408684
TMEM176A,1.05177
TMEM176B,0.76090527
TMEM183A,0.41259655
TMEM2,0.85167956
TMEM200A,1.5887314
TMEM205,0.92177975
TMEM208,1.3082644
TMEM219,0.71700203
TMEM230,0.5623682
TMEM237,1.3254597
TMEM238,0.8757321
TMEM243,1.1309907
TMEM246,0.46666098
TMEM256,1.6636837
TMEM258,1.3639334
TMEM259,1.0873609
TMEM30A,0.32112566
TMEM33,0.48860204
TMEM40,0.9103898
TMEM50A,0.9212775
TMEM51,0.94513994
TMEM55A,0.93476915
TMEM59,0.8821598
TMEM70,1.4207097
TMEM88,0.4074192
TMEM91,1.6567216
TMF1,0.9714826
TMIGD2,0.9866621
TMIGD3,1.0165037
TMOD1,0.2447138
TMPO,0.89277554
TMPPE,0.64183325
TMPRSS9,0.63188773
TMSB10,0.75416285
TMSB4X,0.42027643
TMTC1,1.4665
TMTC2,0.7842338
TMX1,1.4947286
TMX4,1.2582322
TNF,0.6815993
TNFAIP2,1.4758223
TNFAIP3,1.110011
TNFAIP6,0.5530331
TNFAIP8,0.52146095
TNFRSF11A,1.1532999
TNFRSF12A,0.5632362
TNFRSF13B,0.8939995
TNFRSF13C,0.6408844
TNFRSF14,1.0298464
TNFRSF17,1.328273
TNFRSF18,0.93177795
TNFRSF1A,0.455128
TNFRSF1B,1.167681
TNFRSF21,1.2213372
TNFRSF25,0.9034184
TNFRSF4,0.57297796
TNFRSF8,0.35631576
TNFSF10,1.1553442
TNFSF13B,1.892111
TNFSF9,1.4042088
TNIP1,0.44076633
TNKS2,0.66917354
TNNC2,1.2249177
TNNI2,0.4606054
TNNT1,1.4107262
TNPO1,0.23795204
TNRC18,0.36137095
TNRC6A,0.9679655
TNRC6B,1.195977
TNRC6C,1.5609269
TNS3,0.7012001
TOB1,0.57827383
TOMM20,1.8030225
TOMM22,0.9021013
TOMM7,1.03197
TOP1,1.4246993
TOP2A,0.8770636
TOP2B,0.7969899
TOPORS,1.14608
TP53I11,1.0916971
TP53I3,0.5956787
TP53INP1,1.0689416
TP63,0.86370575
TPCN1,0.6452194
TPGS2,0.81352854
TPI1,1.0877069
TPM1,0.99643147
TPM2,0.9094255
TPM3,1.2207882
TPM4,0.8128283
TPP1,0.683816
TPP2,1.0060805
TPPP3,1.1899102
TPR,0.3337293
TPRKB,1.5022718
TPSAB1,0.98184663
TPST2,0.92042816
TPT1,0.8498088
TPTEP1,1.7655615
TPX2,1.2487288
TRA2A,1.0070277
TRA2B,1.0225196
TRABD,1.1196517
TRABD2A,1.4156506
TRAC,1.2904346
TRADD,1.3514103
TRAF3IP3,1.2234174
TRAF4,0.33099917
TRAF5,1.3962673
TRAJ31,1.2211132
TRAJ39,1.2239561
TRAM1,0.48121297
TRAPPC1,1.01304
TRAPPC10,0.7197687
TRAT1,0.7765121
TRAV12-3,0.45504665
TRAV14DV4,0.94393295
TRAV19,1.7256961
TRAV22,1.1845762
TRAV25,1.0675143
TRAV26-2,1.2328833
TRAV27,0.7307944
TRAV3,0.6136564
TRAV4,1.7290204
TRAV41,0.7195943
TRAV5,1.3412147
TRAV6,1.4613523
TRBC1,1.5556118
TRBC2,0.9086019
TRBJ1-4,0.5317364
TRBV14,0.9562609
TRBV20-1,1.1972483
TRBV25-1,0.81355184
TRBV3-1,0.9570589
TRBV6-2,0.7782116
TRBV6-8,0.61465806
TRBV7-2,1.4891937
TRDC,0.60386986
TRDJ1,0.5054199
TREM1,1.1237112
TREML1,1.30646
TRG-AS1,1.153788
TRGC1,1.7124282
TRGC2,1.1023437
TRGV9,1.1545976
TRIB1,0.39376488
TRIB2,1.6913886
TRIM22,0.50639963
TRIM25,1.302564
TRIM28,1.7192657
TRIM33,0.9277962
TRIM38,1.6059806
TRIM44,1.3524467
TRIM56,0.84782434
TRIM8,0.71150315
TRIOBP,0.45988855
TRIP12,0.69497
TRMT112,0.886666
TRMT6,1.1731613
TRNP1,1.3043921
TROAP,1.0344347
TROVE2,0.32101768
TRPS1,0.6701858
TSACC,0.48643374
TSC22D1,1.0351179
TSC22D2,1.1015253
TSC22D3,1.3297603
TSC22D4,0.9049472
TSEN34,1.1574464
TSEN54,0.9002509
TSHR,1.5178993
TSHZ2,0.7071068
TSNAX,0.87541
TSPAN10,0.80237734
TSPAN13,0.34743834
TSPAN14,0.844451
TSPAN15,0.9086554
TSPAN2,1.2337753
TSPAN3,1.3861091
TSPAN32,1.623367
TSPAN33,1.5653273
TSPAN4,1.0420249
TSPO,1.1642585
TSPYL2,0.9180415
TST,0.5505793
TSTD1,1.3163252
TTC14,0.9628386
TTC16,1.1378258
TTC17,1.015595
TTC3,0.41964996
TTC37,0.6313152
TTC38,0.8839354
TTC39C,0.67167073
TTC39C-AS1,0.5433704
TTC9,1.0296534
TTK,0.6619098
TTYH2,1.2022647
TTYH3,0.8561113
TUBA1A,1.2812762
TUBA1B,0.39198
TUBA1C,1.3939072
TUBA4A,0.79903054
TUBB,0.9787891
TUBB1,1.113043
TUBB4B,0.95867026
TUBB6,0.34065786
TUBG1,0.5066874
TUBGCP2,1.7566336
TUFM,1.1223724
TUG1,1.1693362
TULP3,0.8756514
TUSC3,0.97648674
TWF2,0.97335505
TXK,0.8369569
TXN,1.1222432
TXN2,0.30588335
TXNDC11,1.039277
TXNDC17,0.54791087
TXNIP,1.59828
TXNL1,0.6459088
TXNL4A,0.81592786
TYMP,1.7934256
TYMS,0.8398722
TYROBP,1.2418184
U2AF1,1.6262702
U2SURP,1.0285528
UBA2,1.9935067
UBA52,0.58980286
UBAC1,0.5861423
UBALD2,0.46783656
UBASH3B,1.3736421
UBB,0.8367719
UBC,0.7508946
UBE2A,0.9199939
UBE2B,1.1036934
UBE2C,1.3486793
UBE2D1,0.0782151
UBE2D2,0.6139508
UBE2D3,0.73000675
UBE2E2,1.4741882
UBE2G1,1.6187971
UBE2G2,1.0714943
UBE2I,1.6268054
UBE2J1,1.1979034
UBE2L3,0.96801597
UBE2L6,0.71325576
UBE2M,1.145202
UBE2N,1.6059606
UBE2O,1.7414986
UBE2R2,1.211635
UBE2S,0.85446113
UBE2T,1.1913275
UBE2Z,1.1111195
UBL5,1.2660359
UBN1,1.012603
UBP1,1.5829635
UBR5,1.2731297
UBXN1,1.6467314
UBXN10-AS1,1.1665645
UBXN11,1.3801736
UBXN4,0.6838301
UBXN7,1.1408669
UCHL3,1.2959785
UCP2,1.0032853
UFC1,1.0465881
UFD1L,0.816193
UFM1,0.52845275
UGCG,1.7264402
UHMK1,1.3710166
UHRF1,0.6948642
ULK1,0.2459995
UNC119,0.67721874
UNC93B1,0.82692957
UPF3A,1.33078
UPK3A,0.9412865
UPP1,0.37053558
UQCC2,0.53708357
UQCR10,0.54392636
UQCR11,1.8996112
UQCRB,1.1875997
UQCRC1,0.96985245
UQCRC2,1.0072373
UQCRFS1,0.64118433
UQCRH,1.0774572
UQCRQ,1.3447784
USF1,1.5318468
USF2,0.3746646
USMG5,1.0245367
USP1,1.2300731
USP10,1.0889236
USP12-AS2,1.604444
USP14,0.6767353
USP15,1.3147696
USP16,1.5417604
USP3,1.3111948
USP34,1.9073099
USP36,1.7508873
USP4,0.33554763
USP46,1.0804724
USP48,1.2524383
USP51,0.7366095
USP7,0.07830004
USP8,0.9202246
UTF1,1.2554903
UTP11L,0.69520324
UTP14A,1.4776525
UTRN,0.6405032
UTS2,1.6708369
UVRAG,0.26459742
UXT,0.8289686
VAMP2,1.0502003
VAMP5,0.9574389
VAMP8,0.8879783
VAPA,0.42616352
VAPB,0.9894236
VASH1,0.36707354
VASH2,0.76836497
VASN,2.0880857
VASP,1.876024
VAV3,1.6100017
VCAM1,0.51701754
VCAN,0.61510044
VCL,0.99312866
VCP,1.3938987
VDAC1,0.58703023
VDAC2,1.4390185
VDAC3,0.35703734
VEGFA,0.6848024
VEGFB,1.1583402
VENTX,1.0062941
VEZF1,0.74879164
VIM,1.0891949
VIM-AS1,0.933654
VIMP,1.7423114
VIPR2,1.169282
VMA21,0.8160062
VMO1,0.764763
VMP1,0.67142355
VNN1,0.89449507
VNN2,1.1118821
VNN3,1.0624774
VOPP1,1.4011663
VPREB3,0.70820963
VPS13A,0.6163148
VPS13C,1.409166
VPS26A,1.320665
VPS28,0.99008244
VPS29,1.0196232
VPS35,1.1369789
VPS37B,1.5058107
VPS51,1.7383139
VRK1,1.1558858
VSIG2,1.0576266
VSIG4,0.79759884
VSTM1,0.8414861
WAC,1.103158
WARS,1.2922555
WAS,1.0484154
WASF2,1.0037912
WBP5,1.1881042
WBSCR22,0.9749083
WDFY1,0.8355574
WDFY2,0.9881049
WDFY4,1.3342246
WDR1,1.171722
WDR11,1.294129
WDR26,0.6780987
WDR34,1.0344925
WDR70,0.63291055
WDR74,0.7829886
WDR82,0.7369723
WDR83OS,1.3013144
WFIKKN1,1.0352416
WHAMM,0.658321
WHSC1,1.0064383
WHSC1L1,1.0962534
WIPF1,0.97208697
WIPI2,1.2882421
WNK1,0.5638176
WNT11,1.2765286
WNT16,0.97790027
WNT6,0.42188248
WSB1,1.0039469
WTAP,1.5354434
XAF1,1.5501559
XBP1,0.47781223
XCL1,0.73829025
XCL2,0.8289073
XK,1.0325578
XRCC5,0.32528472
XRCC6,1.6896205
XRN2,0.9683714
XYLT1,1.0087943
YBX1,1.132399
YBX3,1.228196
YEATS4,1.0811226
YIPF4,0.84298855
YME1L1,1.8868626
YPEL2,0.8702
YPEL3,0.07830004
YPEL5,0.67005193
YTHDC1,1.2318194
YWHAB,0.99154055
YWHAE,1.0394045
YWHAH,1.1360017
YWHAQ,0.4500646
YWHAZ,1.378665
YY1,0.94876784
ZAP70,1.6097816
ZBED3,0.7724757
ZBP1,1.4126273
ZBTB10,0.7228669
ZBTB16,1.00244
ZBTB18,1.0871586
ZBTB20,1.0022175
ZBTB20-AS1,1.3376006
ZBTB20-AS3,0.7558007
ZBTB32,1.1966393
ZBTB38,1.7645109
ZBTB43,0.4678254
ZBTB7A,0.87475437
ZBTB7B,0.99174446
ZC3H11A,1.1694248
ZC3H12A,0.9381493
ZC3H15,1.3312494
ZC3H18,1.762474
ZC3H7A,0.8253962
ZC3HAV1,0.96198195
ZC4H2,1.6171745
ZCCHC11,1.1834397
ZCCHC2,0.5248343
ZCRB1,0.9225725
ZCWPW2,1.224611
ZDBF2,1.7099599
ZDHHC1,0.41335773
ZDHHC19,1.5282499
ZDHHC20,1.2853894
ZDHHC7,0.70861524
ZEB1,1.1077323
ZEB2,1.1195731
ZFAND5,1.3300763
ZFAND6,0.9744238
ZFAS1,0.72228235
ZFAT,1.5676286
ZFHX3,1.165857
ZFP36,0.8611069
ZFP36L1,0.6004489
ZFP36L2,1.0945041
ZFPM1,1.4082975
ZFR,1.5014896
ZG16B,0.3894017
ZMIZ1,0.878566
ZMYM2,0.93983984
ZMYND8,1.2314855
ZNF106,1.6439122
ZNF124,0.59608054
ZNF207,0.5802356
ZNF217,0.8682344
ZNF221,1.522795
ZNF276,1.2893554
ZNF281,0.7085268
ZNF292,1.5774753
ZNF302,1.8342059
ZNF331,0.78403455
ZNF385A,0.92863417
ZNF385D,0.8215025
ZNF394,0.9989672
ZNF430,1.1843791
ZNF436-AS1,0.7832277
ZNF438,1.8229585
ZNF467,0.79533786
ZNF469,1.0364211
ZNF493,1.270279
ZNF503,0.62290627
ZNF516,1.0965838
ZNF521,1.2616239
ZNF551,1.2547215
ZNF581,1.1713957
ZNF593,1.3794397
ZNF608,1.8193152
ZNF638,0.4272385
ZNF641,1.1460332
ZNF644,0.6550458
ZNF652,1.2402786
ZNF655,0.8058873
ZNF683,1.7956904
ZNF703,0.52602446
ZNF706,0.49573004
ZNF711,0.3069672
ZNF728,1.526537
ZNF740,1.1385245
ZNF787,1.2215903
ZNF790-AS1,0.5793897
ZNF791,1.6420985
ZNF80,0.54896253
ZNF816-ZNF321P,0.90470916
ZNF823,1.4784296
ZNF90,1.2815489
ZNHIT1,0.73291785
ZNHIT3,0.88109803
ZNRF1,1.7437499
ZRANB2,0.6267089
ZSWIM4,1.3837268
ZSWIM6,1.0030415
ZSWIM7,1.4533095
ZWINT,0.9686957
ZYX,1.8954473
ZZEF1,0.97985876
gene-self-loop,1.217998
cell-self-loop,1.292939
